Workbook

Sheet Spatial
A1: Floor | B1: Room | C1: Zone | D1: Row | E1: Rack | F1: Pod | G1: Server | H1: Networking Device | I1: Storage Device
A2: FLOOR-1 | B2: ROOM-1-3 | C2: ZONE-R3-Z1W | D2: ROW-R3-Z1W-R1 | E2: RACK-R3-Z1W-R1-01 | F2: POD-05
A3: FLOOR-1 | B3: ROOM-1-3 | C3: ZONE-R3-Z1W | D3: ROW-R3-Z1W-R1 | E3: RACK-R3-Z1W-R1-02 | F3: POD-05
A4: FLOOR-1 | B4: ROOM-1-3 | C4: ZONE-R3-Z1W | D4: ROW-R3-Z1W-R1 | E4: RACK-R3-Z1W-R1-03 | F4: POD-05
A5: FLOOR-1 | B5: ROOM-1-3 | C5: ZONE-R3-Z1W | D5: ROW-R3-Z1W-R1 | E5: RACK-R3-Z1W-R1-04 | F5: POD-05
A6: FLOOR-1 | B6: ROOM-1-3 | C6: ZONE-R3-Z1W | D6: ROW-R3-Z1W-R1 | E6: RACK-R3-Z1W-R1-05 | F6: POD-05
A7: FLOOR-1 | B7: ROOM-1-3 | C7: ZONE-R3-Z1W | D7: ROW-R3-Z1W-R1 | E7: RACK-R3-Z1W-R1-06 | F7: POD-05
A8: FLOOR-1 | B8: ROOM-1-3 | C8: ZONE-R3-Z1W | D8: ROW-R3-Z1W-R1 | E8: RACK-R3-Z1W-R1-07 | F8: POD-05
A9: FLOOR-1 | B9: ROOM-1-3 | C9: ZONE-R3-Z1W | D9: ROW-R3-Z1W-R1 | E9: RACK-R3-Z1W-R1-08 | F9: POD-05
A10: FLOOR-1 | B10: ROOM-1-3 | C10: ZONE-R3-Z1W | D10: ROW-R3-Z1W-R1 | E10: RACK-R3-Z1W-R1-09 | F10: POD-05
A11: FLOOR-1 | B11: ROOM-1-3 | C11: ZONE-R3-Z1W | D11: ROW-R3-Z1W-R1 | E11: RACK-R3-Z1W-R1-10 | F11: POD-05
A12: FLOOR-1 | B12: ROOM-1-3 | C12: ZONE-R3-Z1W | D12: ROW-R3-Z1W-R1 | E12: RACK-R3-Z1W-R1-11 | F12: POD-05
A13: FLOOR-1 | B13: ROOM-1-3 | C13: ZONE-R3-Z1W | D13: ROW-R3-Z1W-R1 | E13: RACK-R3-Z1W-R1-12 | F13: POD-05
... A217: FLOOR-1 | B217: ROOM-1-5 | C217: ZONE-R5-Z2E | D217: ROW-R5-Z2E-R2 | E217: RACK-R5-Z2E-R2-12 | F217: POD-09

Sheet Zone-Aisle
A1: Zone | B1: Aisle
A2: ZONE-R3-Z1W | B2: AISLE-R3-Z1W-R1H
A3: ZONE-R3-Z1W | B3: AISLE-R3-Z1W-R1R2C
A4: ZONE-R3-Z2W | B4: AISLE-R3-Z2W-R1H
A5: ZONE-R3-Z2W | B5: AISLE-R3-Z2W-R1R2C
A6: ZONE-R3-Z3W | B6: AISLE-R3-Z3W-R1H
A7: ZONE-R3-Z3W | B7: AISLE-R3-Z3W-R1R2C
A8: ZONE-R3-Z3W | B8: AISLE-R3-Z3W-R2H
A9: ZONE-R3-Z4E | B9: AISLE-R3-Z4E-R1H
A10: ZONE-R3-Z4E | B10: AISLE-R3-Z4E-R1R2C
A11: ZONE-R3-Z5E | B11: AISLE-R3-Z5E-R1H
A12: ZONE-R3-Z5E | B12: AISLE-R3-Z5E-R1R2C
... A24: ZONE-R5-Z2E | B24: AISLE-R5-Z2E-R2H

Sheet Sheet2
A3: Count of Rack
A4: Capacity Cell | B4: Total
A5: CC-R1R2 | B5: 48
A6: CC-R3 | B6: 144
A7: CC-R4 | B7: 24
A8: CC-R5E | B8: 24
A9: CC-R5W | B9: 24
A10: (blank)
A11: Grand Total | B11: 264

Sheet Master_Rack
A1: Zone | B1: Row | C1: Planned Rack Density (kW) | D1: Cold Aisle | E1: Hot Aisle | F1: Liquid Loop | G1: Air Zone | H1: Rack | I1: Pod | J1: Rack PDU (A Feed) | K1: Rack PDU (B Feed) | L1: Rack_Circuit_Capacity_(design) | M1: Rack_Max_Liquid_Load | N1: Rack_Max_Air_Load | O1: Rack_Circuit_Capacity_(rated) | P1: Rack_LiquidCool_Fraction | Q1: Rack_AirCool_Fraction | R1: RPP (A Feed) | S1: RPP (B Feed) | T1: Room PDU (A Feed) | U1: Room PDU (B Feed) | V1: UPS (A Feed) | W1: UPS (B Feed) | X1: BESS | Y1: Switch Gear (A Feed) | Z1: Switch Gear (B Feed) | AA1: Utility (A Feed) | AB1: Utility (B Feed) | AC1: Generator (A Feed) | AD1: Generator (B Feed) | AE1: Capacity Cell | AF1: Room Bundle | AG1: Room PDU Bundle | AH1: UPS Bundle | AI1: ITL-SJ-Meridian-C01-PP01 | AJ1: LCL-SJ-Meridian-C01-PP01 | AK1: ACL-SJ-Meridian-C01-PP01 | AL1: ITL-SJ-Pacific-C01-PD01 | AM1: LCL-SJ-Pacific-C01-PD01 | AN1: ACL-SJ-Pacific-C01-PD01 | AO1: ITL-SJ-Pacific-C01-PD02 | AP1: ACL-SJ-Pacific-C01-PD02 | AQ1: LCL-SJ-Pacific-C01-PD02 | AR1: ITL-SJ-Pacific-C01-PD03 | AS1: ACL-SJ-Pacific-C01-PD03 | AT1: LCL-SJ-Pacific-C01-PD03 | AU1: ITL-SJ-Pacific-C01-PD04 | AV1: ACL-SJ-Pacific-C01-PD04 | AW1: LCL-SJ-Pacific-C01-PD04 | AX1: ITL-SJ-Keystone-C01-PP01 | AY1: ACL-SJ-Keystone-C01-PP01 | AZ1: LCL-SJ-Keystone-C01-PP01 | BA1: LCM-SJ-Meridian-C01-PP01 | BB1: LCM-SJ-Pacific-C01-PD01 | BC1: LCM-SJ-Pacific-C01-PD02 | BD1: LCM-SJ-Pacific-C01-PD03 | BE1: LCM-SJ-Pacific-C01-PD04 | BF1: LCM-SJ-Keystone-C01-PP01 | BG1: LCM-SJ-Meridian-C01-PP01% | BH1: LCM-SJ-Pacific-C01-PD01% | BI1: LCM-SJ-Pacific-C01-PD02% | BJ1: LCM-SJ-Pacific-C01-PD03% | BK1: LCM-SJ-Pacific-C01-PD04% | BL1: LCM-SJ-Keystone-C01-PP01% | BM1: RDHx | BN1: RDHx_MaxHeat_Removal | BO1: DTC | BP1: DTC_MaxCool_Capacity | BQ1: COUNT-SJ-Meridian-C01-PP01 | BR1: COUNT-SJ-Pacific-C01-PD01 | BS1: COUNT-SJ-Pacific-C01-PD02 | BT1: COUNT-SJ-Pacific-C01-PD03 | BU1: COUNT-SJ-Pacific-C01-PD04 | BV1: COUNT-SJ-Keystone-C01-PP01
A2: ZONE-R3-Z1W | B2: ROW-R3-Z1W-R1 | C2: 30 | F2: LL-R3-W | G2: AIRZONE-R3-W1 | H2: RACK-R3-Z1W-R1-01 | I2: POD-05 | J2: ="RACKPDU-"&H2&"-A" -> RACKPDU-RACK-R3-Z1W-R1-01-A | K2: ="RACKPDU-"&H2&"-B" -> RACKPDU-RACK-R3-Z1W-R1-01-B | L2: 30 | M2: =VLOOKUP($H2,'Cooling-Rack'!$A$2:$G$265,5,FALSE) -> 22.5 | N2: =VLOOKUP($H2,'Cooling-Rack'!$A$2:$G$265,7,FALSE) -> 7.5 | O2: 36 | P2: 0.75 | Q2: 0.25 | R2: RPP-R3-A1 | S2: RPP-R3-B1 | T2: RPDU-R3-A | U2: RPDU-R3R4-B | V2: UPS-02-A | W2: UPS-02-B | X2: BESS-01 | Y2: SWGR-01 | Z2: SWGR-02 | AA2: UTIL-01 | AB2: UTIL-02 | AC2: GEN-01 | AD2: GEN-02 | AE2: CC-R3 | AF2: BDL-R3 | AG2: BDL-RPDU-R3R4 | AH2: BDL-UPS-02 | AL2: 30 | AM2: =AL2/$L2*$M2 -> 22.5 | AN2: =AL2/$L2*$N2 -> 7.5 | AO2: 30 | AP2: =AO2/$L2*$M2 -> 22.5 | AQ2: =AO2/$L2*$N2 -> 7.5 | BA2: =$L2-$AI2 -> 30 | BB2: =$L2-$AL2 -> 0 | BC2: =$L2-$AO2 -> 0 | BD2: =$L2-$AR2 -> 30 | BE2: =$L2-$AU2 -> 30 | BF2: =$L2-$AX2 -> 30 | BG2: =BA2/$L2 -> 1 | BH2: =BB2/$L2 -> 0 | BI2: =BC2/$L2 -> 0 | BJ2: =BD2/$L2 -> 1 | BK2: =BE2/$L2 -> 1 | BL2: =BF2/$L2 -> 1 | BO2: DTC-RACK-R3-Z1W-R1-01 | BP2: =M2/0.9 -> 25 | BQ2: =IF($AI2>0, 1, 0) -> 0 | BR2: =IF($AL2>0, 1, 0) -> 1 | BS2: =IF($AO2>0, 1, 0) -> 1 | BT2: =IF($AR2>0, 1, 0) -> 0 | BU2: =IF($AU2>0, 1, 0) -> 0 | BV2: =IF(AX2>0, 1, 0) -> 0
A3: ZONE-R3-Z1W | B3: ROW-R3-Z1W-R1 | C3: 30 | F3: LL-R3-W | G3: AIRZONE-R3-W1 | H3: RACK-R3-Z1W-R1-02 | I3: POD-05 | J3: ="RACKPDU-"&H3&"-A" -> RACKPDU-RACK-R3-Z1W-R1-02-A | K3: ="RACKPDU-"&H3&"-B" -> RACKPDU-RACK-R3-Z1W-R1-02-B | L3: 30 | M3: =VLOOKUP($H3,'Cooling-Rack'!$A$2:$G$265,5,FALSE) -> 22.5 | N3: =VLOOKUP($H3,'Cooling-Rack'!$A$2:$G$265,7,FALSE) -> 7.5 | O3: 36 | P3: 0.75 | Q3: 0.25 | R3: RPP-R3-A1 | S3: RPP-R3-B1 | T3: RPDU-R3-A | U3: RPDU-R3R4-B | V3: UPS-02-A | W3: UPS-02-B | X3: BESS-01 | Y3: SWGR-01 | Z3: SWGR-02 | AA3: UTIL-01 | AB3: UTIL-02 | AC3: GEN-01 | AD3: GEN-02 | AE3: CC-R3 | AF3: BDL-R3 | AG3: BDL-RPDU-R3R4 | AH3: BDL-UPS-02 | AL3: 30 | AM3: =AL3/$L3*$M3 -> 22.5 | AN3: =AL3/$L3*$N3 -> 7.5 | AO3: 30 | AP3: =AO3/$L3*$M3 -> 22.5 | AQ3: =AO3/$L3*$N3 -> 7.5 | BA3: =$L3-$AI3 -> 30 | BB3: =$L3-$AL3 -> 0 | BC3: =$L3-$AO3 -> 0 | BD3: =$L3-$AR3 -> 30 | BE3: =$L3-$AU3 -> 30 | BF3: =$L3-$AX3 -> 30 | BG3: =BA3/$L3 -> 1 | BH3: =BB3/$L3 -> 0 | BI3: =BC3/$L3 -> 0 | BJ3: =BD3/$L3 -> 1 | BK3: =BE3/$L3 -> 1 | BL3: =BF3/$L3 -> 1 | BO3: DTC-RACK-R3-Z1W-R1-02 | BP3: =M3/0.9 -> 25 | BQ3: =IF($AI3>0, 1, 0) -> 0 | BR3: =IF($AL3>0, 1, 0) -> 1 | BS3: =IF($AO3>0, 1, 0) -> 1 | BT3: =IF($AR3>0, 1, 0) -> 0 | BU3: =IF($AU3>0, 1, 0) -> 0 | BV3: =IF(AX3>0, 1, 0) -> 0
A4: ZONE-R3-Z1W | B4: ROW-R3-Z1W-R1 | C4: 30 | F4: LL-R3-W | G4: AIRZONE-R3-W1 | H4: RACK-R3-Z1W-R1-03 | I4: POD-05 | J4: ="RACKPDU-"&H4&"-A" -> RACKPDU-RACK-R3-Z1W-R1-03-A | K4: ="RACKPDU-"&H4&"-B" -> RACKPDU-RACK-R3-Z1W-R1-03-B | L4: 30 | M4: =VLOOKUP($H4,'Cooling-Rack'!$A$2:$G$265,5,FALSE) -> 22.5 | N4: =VLOOKUP($H4,'Cooling-Rack'!$A$2:$G$265,7,FALSE) -> 7.5 | O4: 36 | P4: 0.75 | Q4: 0.25 | R4: RPP-R3-A1 | S4: RPP-R3-B1 | T4: RPDU-R3-A | U4: RPDU-R3R4-B | V4: UPS-02-A | W4: UPS-02-B | X4: BESS-01 | Y4: SWGR-01 | Z4: SWGR-02 | AA4: UTIL-01 | AB4: UTIL-02 | AC4: GEN-01 | AD4: GEN-02 | AE4: CC-R3 | AF4: BDL-R3 | AG4: BDL-RPDU-R3R4 | AH4: BDL-UPS-02 | AL4: 30 | AM4: =AL4/$L4*$M4 -> 22.5 | AN4: =AL4/$L4*$N4 -> 7.5 | AO4: 30 | AP4: =AO4/$L4*$M4 -> 22.5 | AQ4: =AO4/$L4*$N4 -> 7.5 | BA4: =$L4-$AI4 -> 30 | BB4: =$L4-$AL4 -> 0 | BC4: =$L4-$AO4 -> 0 | BD4: =$L4-$AR4 -> 30 | BE4: =$L4-$AU4 -> 30 | BF4: =$L4-$AX4 -> 30 | BG4: =BA4/$L4 -> 1 | BH4: =BB4/$L4 -> 0 | BI4: =BC4/$L4 -> 0 | BJ4: =BD4/$L4 -> 1 | BK4: =BE4/$L4 -> 1 | BL4: =BF4/$L4 -> 1 | BO4: DTC-RACK-R3-Z1W-R1-03 | BP4: =M4/0.9 -> 25 | BQ4: =IF($AI4>0, 1, 0) -> 0 | BR4: =IF($AL4>0, 1, 0) -> 1 | BS4: =IF($AO4>0, 1, 0) -> 1 | BT4: =IF($AR4>0, 1, 0) -> 0 | BU4: =IF($AU4>0, 1, 0) -> 0 | BV4: =IF(AX4>0, 1, 0) -> 0
A5: ZONE-R3-Z1W | B5: ROW-R3-Z1W-R1 | C5: 30 | F5: LL-R3-W | G5: AIRZONE-R3-W1 | H5: RACK-R3-Z1W-R1-04 | I5: POD-05 | J5: ="RACKPDU-"&H5&"-A" -> RACKPDU-RACK-R3-Z1W-R1-04-A | K5: ="RACKPDU-"&H5&"-B" -> RACKPDU-RACK-R3-Z1W-R1-04-B | L5: 30 | M5: =VLOOKUP($H5,'Cooling-Rack'!$A$2:$G$265,5,FALSE) -> 22.5 | N5: =VLOOKUP($H5,'Cooling-Rack'!$A$2:$G$265,7,FALSE) -> 7.5 | O5: 36 | P5: 0.75 | Q5: 0.25 | R5: RPP-R3-A1 | S5: RPP-R3-B1 | T5: RPDU-R3-A | U5: RPDU-R3R4-B | V5: UPS-02-A | W5: UPS-02-B | X5: BESS-01 | Y5: SWGR-01 | Z5: SWGR-02 | AA5: UTIL-01 | AB5: UTIL-02 | AC5: GEN-01 | AD5: GEN-02 | AE5: CC-R3 | AF5: BDL-R3 | AG5: BDL-RPDU-R3R4 | AH5: BDL-UPS-02 | AL5: 30 | AM5: =AL5/$L5*$M5 -> 22.5 | AN5: =AL5/$L5*$N5 -> 7.5 | AO5: 30 | AP5: =AO5/$L5*$M5 -> 22.5 | AQ5: =AO5/$L5*$N5 -> 7.5 | BA5: =$L5-$AI5 -> 30 | BB5: =$L5-$AL5 -> 0 | BC5: =$L5-$AO5 -> 0 | BD5: =$L5-$AR5 -> 30 | BE5: =$L5-$AU5 -> 30 | BF5: =$L5-$AX5 -> 30 | BG5: =BA5/$L5 -> 1 | BH5: =BB5/$L5 -> 0 | BI5: =BC5/$L5 -> 0 | BJ5: =BD5/$L5 -> 1 | BK5: =BE5/$L5 -> 1 | BL5: =BF5/$L5 -> 1 | BO5: DTC-RACK-R3-Z1W-R1-04 | BP5: =M5/0.9 -> 25 | BQ5: =IF($AI5>0, 1, 0) -> 0 | BR5: =IF($AL5>0, 1, 0) -> 1 | BS5: =IF($AO5>0, 1, 0) -> 1 | BT5: =IF($AR5>0, 1, 0) -> 0 | BU5: =IF($AU5>0, 1, 0) -> 0 | BV5: =IF(AX5>0, 1, 0) -> 0
A6: ZONE-R3-Z1W | B6: ROW-R3-Z1W-R1 | C6: 30 | F6: LL-R3-W | G6: AIRZONE-R3-W1 | H6: RACK-R3-Z1W-R1-05 | I6: POD-05 | J6: ="RACKPDU-"&H6&"-A" -> RACKPDU-RACK-R3-Z1W-R1-05-A | K6: ="RACKPDU-"&H6&"-B" -> RACKPDU-RACK-R3-Z1W-R1-05-B | L6: 30 | M6: =VLOOKUP($H6,'Cooling-Rack'!$A$2:$G$265,5,FALSE) -> 22.5 | N6: =VLOOKUP($H6,'Cooling-Rack'!$A$2:$G$265,7,FALSE) -> 7.5 | O6: 36 | P6: 0.75 | Q6: 0.25 | R6: RPP-R3-A2 | S6: RPP-R3-B2 | T6: RPDU-R3-A | U6: RPDU-R3R4-B | V6: UPS-02-A | W6: UPS-02-B | X6: BESS-01 | Y6: SWGR-01 | Z6: SWGR-02 | AA6: UTIL-01 | AB6: UTIL-02 | AC6: GEN-01 | AD6: GEN-02 | AE6: CC-R3 | AF6: BDL-R3 | AG6: BDL-RPDU-R3R4 | AH6: BDL-UPS-02 | AL6: 30 | AM6: =AL6/$L6*$M6 -> 22.5 | AN6: =AL6/$L6*$N6 -> 7.5 | AO6: 30 | AP6: =AO6/$L6*$M6 -> 22.5 | AQ6: =AO6/$L6*$N6 -> 7.5 | BA6: =$L6-$AI6 -> 30 | BB6: =$L6-$AL6 -> 0 | BC6: =$L6-$AO6 -> 0 | BD6: =$L6-$AR6 -> 30 | BE6: =$L6-$AU6 -> 30 | BF6: =$L6-$AX6 -> 30 | BG6: =BA6/$L6 -> 1 | BH6: =BB6/$L6 -> 0 | BI6: =BC6/$L6 -> 0 | BJ6: =BD6/$L6 -> 1 | BK6: =BE6/$L6 -> 1 | BL6: =BF6/$L6 -> 1 | BO6: DTC-RACK-R3-Z1W-R1-05 | BP6: =M6/0.9 -> 25 | BQ6: =IF($AI6>0, 1, 0) -> 0 | BR6: =IF($AL6>0, 1, 0) -> 1 | BS6: =IF($AO6>0, 1, 0) -> 1 | BT6: =IF($AR6>0, 1, 0) -> 0 | BU6: =IF($AU6>0, 1, 0) -> 0 | BV6: =IF(AX6>0, 1, 0) -> 0
A7: ZONE-R3-Z1W | B7: ROW-R3-Z1W-R1 | C7: 30 | F7: LL-R3-W | G7: AIRZONE-R3-W1 | H7: RACK-R3-Z1W-R1-06 | I7: POD-05 | J7: ="RACKPDU-"&H7&"-A" -> RACKPDU-RACK-R3-Z1W-R1-06-A | K7: ="RACKPDU-"&H7&"-B" -> RACKPDU-RACK-R3-Z1W-R1-06-B | L7: 30 | M7: =VLOOKUP($H7,'Cooling-Rack'!$A$2:$G$265,5,FALSE) -> 22.5 | N7: =VLOOKUP($H7,'Cooling-Rack'!$A$2:$G$265,7,FALSE) -> 7.5 | O7: 36 | P7: 0.75 | Q7: 0.25 | R7: RPP-R3-A2 | S7: RPP-R3-B2 | T7: RPDU-R3-A | U7: RPDU-R3R4-B | V7: UPS-02-A | W7: UPS-02-B | X7: BESS-01 | Y7: SWGR-01 | Z7: SWGR-02 | AA7: UTIL-01 | AB7: UTIL-02 | AC7: GEN-01 | AD7: GEN-02 | AE7: CC-R3 | AF7: BDL-R3 | AG7: BDL-RPDU-R3R4 | AH7: BDL-UPS-02 | AL7: 30 | AM7: =AL7/$L7*$M7 -> 22.5 | AN7: =AL7/$L7*$N7 -> 7.5 | AO7: 30 | AP7: =AO7/$L7*$M7 -> 22.5 | AQ7: =AO7/$L7*$N7 -> 7.5 | BA7: =$L7-$AI7 -> 30 | BB7: =$L7-$AL7 -> 0 | BC7: =$L7-$AO7 -> 0 | BD7: =$L7-$AR7 -> 30 | BE7: =$L7-$AU7 -> 30 | BF7: =$L7-$AX7 -> 30 | BG7: =BA7/$L7 -> 1 | BH7: =BB7/$L7 -> 0 | BI7: =BC7/$L7 -> 0 | BJ7: =BD7/$L7 -> 1 | BK7: =BE7/$L7 -> 1 | BL7: =BF7/$L7 -> 1 | BO7: DTC-RACK-R3-Z1W-R1-06 | BP7: =M7/0.9 -> 25 | BQ7: =IF($AI7>0, 1, 0) -> 0 | BR7: =IF($AL7>0, 1, 0) -> 1 | BS7: =IF($AO7>0, 1, 0) -> 1 | BT7: =IF($AR7>0, 1, 0) -> 0 | BU7: =IF($AU7>0, 1, 0) -> 0 | BV7: =IF(AX7>0, 1, 0) -> 0
A8: ZONE-R3-Z1W | B8: ROW-R3-Z1W-R1 | C8: 30 | F8: LL-R3-W | G8: AIRZONE-R3-W1 | H8: RACK-R3-Z1W-R1-07 | I8: POD-05 | J8: ="RACKPDU-"&H8&"-A" -> RACKPDU-RACK-R3-Z1W-R1-07-A | K8: ="RACKPDU-"&H8&"-B" -> RACKPDU-RACK-R3-Z1W-R1-07-B | L8: 30 | M8: =VLOOKUP($H8,'Cooling-Rack'!$A$2:$G$265,5,FALSE) -> 22.5 | N8: =VLOOKUP($H8,'Cooling-Rack'!$A$2:$G$265,7,FALSE) -> 7.5 | O8: 36 | P8: 0.75 | Q8: 0.25 | R8: RPP-R3-A2 | S8: RPP-R3-B3 | T8: RPDU-R3-A | U8: RPDU-R3-B | V8: UPS-02-A | W8: UPS-02-B | X8: BESS-01 | Y8: SWGR-01 | Z8: SWGR-02 | AA8: UTIL-01 | AB8: UTIL-02 | AC8: GEN-01 | AD8: GEN-02 | AE8: CC-R3 | AF8: BDL-R3 | AG8: BDL-RPDU-R3R4 | AH8: BDL-UPS-02 | AL8: 30 | AM8: =AL8/$L8*$M8 -> 22.5 | AN8: =AL8/$L8*$N8 -> 7.5 | AO8: 30 | AP8: =AO8/$L8*$M8 -> 22.5 | AQ8: =AO8/$L8*$N8 -> 7.5 | BA8: =$L8-$AI8 -> 30 | BB8: =$L8-$AL8 -> 0 | BC8: =$L8-$AO8 -> 0 | BD8: =$L8-$AR8 -> 30 | BE8: =$L8-$AU8 -> 30 | BF8: =$L8-$AX8 -> 30 | BG8: =BA8/$L8 -> 1 | BH8: =BB8/$L8 -> 0 | BI8: =BC8/$L8 -> 0 | BJ8: =BD8/$L8 -> 1 | BK8: =BE8/$L8 -> 1 | BL8: =BF8/$L8 -> 1 | BO8: DTC-RACK-R3-Z1W-R1-07 | BP8: =M8/0.9 -> 25 | BQ8: =IF($AI8>0, 1, 0) -> 0 | BR8: =IF($AL8>0, 1, 0) -> 1 | BS8: =IF($AO8>0, 1, 0) -> 1 | BT8: =IF($AR8>0, 1, 0) -> 0 | BU8: =IF($AU8>0, 1, 0) -> 0 | BV8: =IF(AX8>0, 1, 0) -> 0
A9: ZONE-R3-Z1W | B9: ROW-R3-Z1W-R1 | C9: 30 | F9: LL-R3-W | G9: AIRZONE-R3-W1 | H9: RACK-R3-Z1W-R1-08 | I9: POD-05 | J9: ="RACKPDU-"&H9&"-A" -> RACKPDU-RACK-R3-Z1W-R1-08-A | K9: ="RACKPDU-"&H9&"-B" -> RACKPDU-RACK-R3-Z1W-R1-08-B | L9: 30 | M9: =VLOOKUP($H9,'Cooling-Rack'!$A$2:$G$265,5,FALSE) -> 22.5 | N9: =VLOOKUP($H9,'Cooling-Rack'!$A$2:$G$265,7,FALSE) -> 7.5 | O9: 36 | P9: 0.75 | Q9: 0.25 | R9: RPP-R3-A2 | S9: RPP-R3-B3 | T9: RPDU-R3-A | U9: RPDU-R3-B | V9: UPS-02-A | W9: UPS-02-B | X9: BESS-01 | Y9: SWGR-01 | Z9: SWGR-02 | AA9: UTIL-01 | AB9: UTIL-02 | AC9: GEN-01 | AD9: GEN-02 | AE9: CC-R3 | AF9: BDL-R3 | AG9: BDL-RPDU-R3R4 | AH9: BDL-UPS-02 | AL9: 30 | AM9: =AL9/$L9*$M9 -> 22.5 | AN9: =AL9/$L9*$N9 -> 7.5 | AO9: 30 | AP9: =AO9/$L9*$M9 -> 22.5 | AQ9: =AO9/$L9*$N9 -> 7.5 | BA9: =$L9-$AI9 -> 30 | BB9: =$L9-$AL9 -> 0 | BC9: =$L9-$AO9 -> 0 | BD9: =$L9-$AR9 -> 30 | BE9: =$L9-$AU9 -> 30 | BF9: =$L9-$AX9 -> 30 | BG9: =BA9/$L9 -> 1 | BH9: =BB9/$L9 -> 0 | BI9: =BC9/$L9 -> 0 | BJ9: =BD9/$L9 -> 1 | BK9: =BE9/$L9 -> 1 | BL9: =BF9/$L9 -> 1 | BO9: DTC-RACK-R3-Z1W-R1-08 | BP9: =M9/0.9 -> 25 | BQ9: =IF($AI9>0, 1, 0) -> 0 | BR9: =IF($AL9>0, 1, 0) -> 1 | BS9: =IF($AO9>0, 1, 0) -> 1 | BT9: =IF($AR9>0, 1, 0) -> 0 | BU9: =IF($AU9>0, 1, 0) -> 0 | BV9: =IF(AX9>0, 1, 0) -> 0
A10: ZONE-R3-Z1W | B10: ROW-R3-Z1W-R1 | C10: 30 | F10: LL-R3-W | G10: AIRZONE-R3-W1 | H10: RACK-R3-Z1W-R1-09 | I10: POD-05 | J10: ="RACKPDU-"&H10&"-A" -> RACKPDU-RACK-R3-Z1W-R1-09-A | K10: ="RACKPDU-"&H10&"-B" -> RACKPDU-RACK-R3-Z1W-R1-09-B | L10: 30 | M10: =VLOOKUP($H10,'Cooling-Rack'!$A$2:$G$265,5,FALSE) -> 22.5 | N10: =VLOOKUP($H10,'Cooling-Rack'!$A$2:$G$265,7,FALSE) -> 7.5 | O10: 36 | P10: 0.75 | Q10: 0.25 | R10: RPP-R3-A1 | S10: RPP-R3-B3 | T10: RPDU-R3-A | U10: RPDU-R3-B | V10: UPS-02-A | W10: UPS-02-B | X10: BESS-01 | Y10: SWGR-01 | Z10: SWGR-02 | AA10: UTIL-01 | AB10: UTIL-02 | AC10: GEN-01 | AD10: GEN-02 | AE10: CC-R3 | AF10: BDL-R3 | AG10: BDL-RPDU-R3R4 | AH10: BDL-UPS-02 | AL10: 30 | AM10: =AL10/$L10*$M10 -> 22.5 | AN10: =AL10/$L10*$N10 -> 7.5 | AO10: 0 | AP10: =AO10/$L10*$M10 -> 0 | AQ10: =AO10/$L10*$N10 -> 0 | BA10: =$L10-$AI10 -> 30 | BB10: =$L10-$AL10 -> 0 | BC10: =$L10-$AO10 -> 30 | BD10: =$L10-$AR10 -> 30 | BE10: =$L10-$AU10 -> 30 | BF10: =$L10-$AX10 -> 30 | BG10: =BA10/$L10 -> 1 | BH10: =BB10/$L10 -> 0 | BI10: =BC10/$L10 -> 1 | BJ10: =BD10/$L10 -> 1 | BK10: =BE10/$L10 -> 1 | BL10: =BF10/$L10 -> 1 | BO10: DTC-RACK-R3-Z1W-R1-09 | BP10: =M10/0.9 -> 25 | BQ10: =IF($AI10>0, 1, 0) -> 0 | BR10: =IF($AL10>0, 1, 0) -> 1 | BS10: =IF($AO10>0, 1, 0) -> 0 | BT10: =IF($AR10>0, 1, 0) -> 0 | BU10: =IF($AU10>0, 1, 0) -> 0 | BV10: =IF(AX10>0, 1, 0) -> 0
A11: ZONE-R3-Z1W | B11: ROW-R3-Z1W-R1 | C11: 30 | F11: LL-R3-W | G11: AIRZONE-R3-W1 | H11: RACK-R3-Z1W-R1-10 | I11: POD-05 | J11: ="RACKPDU-"&H11&"-A" -> RACKPDU-RACK-R3-Z1W-R1-10-A | K11: ="RACKPDU-"&H11&"-B" -> RACKPDU-RACK-R3-Z1W-R1-10-B | L11: 30 | M11: =VLOOKUP($H11,'Cooling-Rack'!$A$2:$G$265,5,FALSE) -> 22.5 | N11: =VLOOKUP($H11,'Cooling-Rack'!$A$2:$G$265,7,FALSE) -> 7.5 | O11: 36 | P11: 0.75 | Q11: 0.25 | R11: RPP-R3-A1 | S11: RPP-R3-B3 | T11: RPDU-R3-A | U11: RPDU-R3-B | V11: UPS-02-A | W11: UPS-02-B | X11: BESS-01 | Y11: SWGR-01 | Z11: SWGR-02 | AA11: UTIL-01 | AB11: UTIL-02 | AC11: GEN-01 | AD11: GEN-02 | AE11: CC-R3 | AF11: BDL-R3 | AG11: BDL-RPDU-R3R4 | AH11: BDL-UPS-02 | AL11: 30 | AM11: =AL11/$L11*$M11 -> 22.5 | AN11: =AL11/$L11*$N11 -> 7.5 | AO11: 0 | AP11: =AO11/$L11*$M11 -> 0 | AQ11: =AO11/$L11*$N11 -> 0 | BA11: =$L11-$AI11 -> 30 | BB11: =$L11-$AL11 -> 0 | BC11: =$L11-$AO11 -> 30 | BD11: =$L11-$AR11 -> 30 | BE11: =$L11-$AU11 -> 30 | BF11: =$L11-$AX11 -> 30 | BG11: =BA11/$L11 -> 1 | BH11: =BB11/$L11 -> 0 | BI11: =BC11/$L11 -> 1 | BJ11: =BD11/$L11 -> 1 | BK11: =BE11/$L11 -> 1 | BL11: =BF11/$L11 -> 1 | BO11: DTC-RACK-R3-Z1W-R1-10 | BP11: =M11/0.9 -> 25 | BQ11: =IF($AI11>0, 1, 0) -> 0 | BR11: =IF($AL11>0, 1, 0) -> 1 | BS11: =IF($AO11>0, 1, 0) -> 0 | BT11: =IF($AR11>0, 1, 0) -> 0 | BU11: =IF($AU11>0, 1, 0) -> 0 | BV11: =IF(AX11>0, 1, 0) -> 0
A12: ZONE-R3-Z1W | B12: ROW-R3-Z1W-R1 | C12: 30 | F12: LL-R3-W | G12: AIRZONE-R3-W1 | H12: RACK-R3-Z1W-R1-11 | I12: POD-05 | J12: ="RACKPDU-"&H12&"-A" -> RACKPDU-RACK-R3-Z1W-R1-11-A | K12: ="RACKPDU-"&H12&"-B" -> RACKPDU-RACK-R3-Z1W-R1-11-B | L12: 30 | M12: =VLOOKUP($H12,'Cooling-Rack'!$A$2:$G$265,5,FALSE) -> 22.5 | N12: =VLOOKUP($H12,'Cooling-Rack'!$A$2:$G$265,7,FALSE) -> 7.5 | O12: 36 | P12: 0.75 | Q12: 0.25 | R12: RPP-R3-A1 | S12: RPP-R3-B3 | T12: RPDU-R3-A | U12: RPDU-R3-B | V12: UPS-02-A | W12: UPS-02-B | X12: BESS-01 | Y12: SWGR-01 | Z12: SWGR-02 | AA12: UTIL-01 | AB12: UTIL-02 | AC12: GEN-01 | AD12: GEN-02 | AE12: CC-R3 | AF12: BDL-R3 | AG12: BDL-RPDU-R3R4 | AH12: BDL-UPS-02 | AL12: 30 | AM12: =AL12/$L12*$M12 -> 22.5 | AN12: =AL12/$L12*$N12 -> 7.5 | AO12: 0 | AP12: =AO12/$L12*$M12 -> 0 | AQ12: =AO12/$L12*$N12 -> 0 | BA12: =$L12-$AI12 -> 30 | BB12: =$L12-$AL12 -> 0 | BC12: =$L12-$AO12 -> 30 | BD12: =$L12-$AR12 -> 30 | BE12: =$L12-$AU12 -> 30 | BF12: =$L12-$AX12 -> 30 | BG12: =BA12/$L12 -> 1 | BH12: =BB12/$L12 -> 0 | BI12: =BC12/$L12 -> 1 | BJ12: =BD12/$L12 -> 1 | BK12: =BE12/$L12 -> 1 | BL12: =BF12/$L12 -> 1 | BO12: DTC-RACK-R3-Z1W-R1-11 | BP12: =M12/0.9 -> 25 | BQ12: =IF($AI12>0, 1, 0) -> 0 | BR12: =IF($AL12>0, 1, 0) -> 1 | BS12: =IF($AO12>0, 1, 0) -> 0 | BT12: =IF($AR12>0, 1, 0) -> 0 | BU12: =IF($AU12>0, 1, 0) -> 0 | BV12: =IF(AX12>0, 1, 0) -> 0
A13: ZONE-R3-Z1W | B13: ROW-R3-Z1W-R1 | C13: 30 | F13: LL-R3-W | G13: AIRZONE-R3-W1 | H13: RACK-R3-Z1W-R1-12 | I13: POD-05 | J13: ="RACKPDU-"&H13&"-A" -> RACKPDU-RACK-R3-Z1W-R1-12-A | K13: ="RACKPDU-"&H13&"-B" -> RACKPDU-RACK-R3-Z1W-R1-12-B | L13: 30 | M13: =VLOOKUP($H13,'Cooling-Rack'!$A$2:$G$265,5,FALSE) -> 22.5 | N13: =VLOOKUP($H13,'Cooling-Rack'!$A$2:$G$265,7,FALSE) -> 7.5 | O13: 36 | P13: 0.75 | Q13: 0.25 | R13: RPP-R3-A1 | S13: RPP-R3-B3 | T13: RPDU-R3-A | U13: RPDU-R3-B | V13: UPS-02-A | W13: UPS-02-B | X13: BESS-01 | Y13: SWGR-01 | Z13: SWGR-02 | AA13: UTIL-01 | AB13: UTIL-02 | AC13: GEN-01 | AD13: GEN-02 | AE13: CC-R3 | AF13: BDL-R3 | AG13: BDL-RPDU-R3R4 | AH13: BDL-UPS-02 | AL13: 30 | AM13: =AL13/$L13*$M13 -> 22.5 | AN13: =AL13/$L13*$N13 -> 7.5 | AO13: 0 | AP13: =AO13/$L13*$M13 -> 0 | AQ13: =AO13/$L13*$N13 -> 0 | BA13: =$L13-$AI13 -> 30 | BB13: =$L13-$AL13 -> 0 | BC13: =$L13-$AO13 -> 30 | BD13: =$L13-$AR13 -> 30 | BE13: =$L13-$AU13 -> 30 | BF13: =$L13-$AX13 -> 30 | BG13: =BA13/$L13 -> 1 | BH13: =BB13/$L13 -> 0 | BI13: =BC13/$L13 -> 1 | BJ13: =BD13/$L13 -> 1 | BK13: =BE13/$L13 -> 1 | BL13: =BF13/$L13 -> 1 | BO13: DTC-RACK-R3-Z1W-R1-12 | BP13: =M13/0.9 -> 25 | BQ13: =IF($AI13>0, 1, 0) -> 0 | BR13: =IF($AL13>0, 1, 0) -> 1 | BS13: =IF($AO13>0, 1, 0) -> 0 | BT13: =IF($AR13>0, 1, 0) -> 0 | BU13: =IF($AU13>0, 1, 0) -> 0 | BV13: =IF(AX13>0, 1, 0) -> 0
... A73: ZONE-R3-Z3W | B73: ROW-R3-Z3W-R2 | C73: 30 | F73: LL-R3-W | G73: AIRZONE-R3-W2 | H73: RACK-R3-Z3W-R2-12 | I73: POD-05 | J73: ="RACKPDU-"&H73&"-A" -> RACKPDU-RACK-R3-Z3W-R2-12-A | K73: ="RACKPDU-"&H73&"-B" -> RACKPDU-RACK-R3-Z3W-R2-12-B | L73: 30 | M73: =VLOOKUP($H73,'Cooling-Rack'!$A$2:$G$265,5,FALSE) -> 22.5 | N73: =VLOOKUP($H73,'Cooling-Rack'!$A$2:$G$265,7,FALSE) -> 7.5 | O73: 36 | P73: 0.75 | Q73: 0.25 | R73: RPP-R3-A2 | S73: RPP-R3-B3 | T73: RPDU-R3-A | U73: RPDU-R3-B | V73: UPS-02-A | W73: UPS-02-B | X73: BESS-01 | Y73: SWGR-01 | Z73: SWGR-02 | AA73: UTIL-01 | AB73: UTIL-02 | AC73: GEN-01 | AD73: GEN-02 | AE73: CC-R3 | AF73: BDL-R3 | AG73: BDL-RPDU-R3R4 | AH73: BDL-UPS-02 | AL73: 0 | AM73: =AL73/$L73*$M73 -> 0 | AN73: =AL73/$L73*$N73 -> 0 | AO73: 0 | AP73: =AO73/$L73*$M73 -> 0 | AQ73: =AO73/$L73*$N73 -> 0 | BA73: =$L73-$AI73 -> 30 | BB73: =$L73-$AL73 -> 30 | BC73: =$L73-$AO73 -> 30 | BD73: =$L73-$AR73 -> 30 | BE73: =$L73-$AU73 -> 30 | BF73: =$L73-$AX73 -> 30 | BG73: =BA73/$L73 -> 1 | BH73: =BB73/$L73 -> 1 | BI73: =BC73/$L73 -> 1 | BJ73: =BD73/$L73 -> 1 | BK73: =BE73/$L73 -> 1 | BL73: =BF73/$L73 -> 1 | BO73: DTC-RACK-R3-Z3W-R2-12 | BP73: =M73/0.9 -> 25 | BQ73: =IF($AI73>0, 1, 0) -> 0 | BR73: =IF($AL73>0, 1, 0) -> 0 | BS73: =IF($AO73>0, 1, 0) -> 0 | BT73: =IF($AR73>0, 1, 0) -> 0 | BU73: =IF($AU73>0, 1, 0) -> 0 | BV73: =IF(AX73>0, 1, 0) -> 0
A74: ZONE-R3-Z4E | B74: ROW-R3-Z4E-R1 | C74: 45 | F74: LL-R3-E | G74: AIRZONE-R3-E1 | H74: RACK-R3-Z4E-R1-01 | I74: POD-06 | J74: ="RACKPDU-"&H74&"-A" -> RACKPDU-RACK-R3-Z4E-R1-01-A | K74: ="RACKPDU-"&H74&"-B" -> RACKPDU-RACK-R3-Z4E-R1-01-B | L74: 45 | M74: =VLOOKUP($H74,'Cooling-Rack'!$A$2:$G$265,5,FALSE) -> 38.25 | N74: =VLOOKUP($H74,'Cooling-Rack'!$A$2:$G$265,7,FALSE) -> 6.75 | O74: 54 | P74: 0.85 | Q74: 0.15 | R74: RPP-R3-A1 | S74: RPP-R3-B1 | T74: RPDU-R3-A | U74: RPDU-R3R4-B | V74: UPS-02-A | W74: UPS-02-B | X74: BESS-01 | Y74: SWGR-01 | Z74: SWGR-02 | AA74: UTIL-01 | AB74: UTIL-02 | AC74: GEN-01 | AD74: GEN-02 | AE74: CC-R3 | AF74: BDL-R3 | AG74: BDL-RPDU-R3R4 | AH74: BDL-UPS-02 | AL74: 0 | AM74: =AL74/$L74*$M74 -> 0 | AN74: =AL74/$L74*$N74 -> 0 | AO74: 0 | AP74: =AO74/$L74*$M74 -> 0 | AQ74: =AO74/$L74*$N74 -> 0 | AS74: =AR74/$L74*$M74 -> 0 | AT74: =AR74/$L74*$N74 -> 0 | AU74: 30 | AV74: =AU74/$L74*$M74 -> 25.5 | AW74: =AU74/$L74*$N74 -> 4.5 | BA74: =$L74-$AI74 -> 45 | BB74: =$L74-$AL74 -> 45 | BC74: =$L74-$AO74 -> 45 | BD74: =$L74-$AR74 -> 45 | BE74: =$L74-$AU74 -> 15 | BF74: =$L74-$AX74 -> 45 | BG74: =BA74/$L74 -> 1 | BH74: =BB74/$L74 -> 1 | BI74: =BC74/$L74 -> 1 | BJ74: =BD74/$L74 -> 1 | BK74: =BE74/$L74 -> 0.33333333 | BL74: =BF74/$L74 -> 1 | BO74: DTC-RACK-R3-Z4E-R1-01 | BP74: =M74/0.9 -> 42.5 | BQ74: =IF($AI74>0, 1, 0) -> 0 | BR74: =IF($AL74>0, 1, 0) -> 0 | BS74: =IF($AO74>0, 1, 0) -> 0 | BT74: =IF($AR74>0, 1, 0) -> 0 | BU74: =IF($AU74>0, 1, 0) -> 1 | BV74: =IF(AX74>0, 1, 0) -> 0
A75: ZONE-R3-Z4E | B75: ROW-R3-Z4E-R1 | C75: 45 | F75: LL-R3-E | G75: AIRZONE-R3-E1 | H75: RACK-R3-Z4E-R1-02 | I75: POD-06 | J75: ="RACKPDU-"&H75&"-A" -> RACKPDU-RACK-R3-Z4E-R1-02-A | K75: ="RACKPDU-"&H75&"-B" -> RACKPDU-RACK-R3-Z4E-R1-02-B | L75: 45 | M75: =VLOOKUP($H75,'Cooling-Rack'!$A$2:$G$265,5,FALSE) -> 38.25 | N75: =VLOOKUP($H75,'Cooling-Rack'!$A$2:$G$265,7,FALSE) -> 6.75 | O75: 54 | P75: 0.85 | Q75: 0.15 | R75: RPP-R3-A1 | S75: RPP-R3-B1 | T75: RPDU-R3-A | U75: RPDU-R3R4-B | V75: UPS-02-A | W75: UPS-02-B | X75: BESS-01 | Y75: SWGR-01 | Z75: SWGR-02 | AA75: UTIL-01 | AB75: UTIL-02 | AC75: GEN-01 | AD75: GEN-02 | AE75: CC-R3 | AF75: BDL-R3 | AG75: BDL-RPDU-R3R4 | AH75: BDL-UPS-02 | AL75: 0 | AM75: =AL75/$L75*$M75 -> 0 | AN75: =AL75/$L75*$N75 -> 0 | AO75: 0 | AP75: =AO75/$L75*$M75 -> 0 | AQ75: =AO75/$L75*$N75 -> 0 | AS75: =AR75/$L75*$M75 -> 0 | AT75: =AR75/$L75*$N75 -> 0 | AU75: 30 | AV75: =AU75/$L75*$M75 -> 25.5 | AW75: =AU75/$L75*$N75 -> 4.5 | BA75: =$L75-$AI75 -> 45 | BB75: =$L75-$AL75 -> 45 | BC75: =$L75-$AO75 -> 45 | BD75: =$L75-$AR75 -> 45 | BE75: =$L75-$AU75 -> 15 | BF75: =$L75-$AX75 -> 45 | BG75: =BA75/$L75 -> 1 | BH75: =BB75/$L75 -> 1 | BI75: =BC75/$L75 -> 1 | BJ75: =BD75/$L75 -> 1 | BK75: =BE75/$L75 -> 0.33333333 | BL75: =BF75/$L75 -> 1 | BO75: DTC-RACK-R3-Z4E-R1-02 | BP75: =M75/0.9 -> 42.5 | BQ75: =IF($AI75>0, 1, 0) -> 0 | BR75: =IF($AL75>0, 1, 0) -> 0 | BS75: =IF($AO75>0, 1, 0) -> 0 | BT75: =IF($AR75>0, 1, 0) -> 0 | BU75: =IF($AU75>0, 1, 0) -> 1 | BV75: =IF(AX75>0, 1, 0) -> 0
A76: ZONE-R3-Z4E | B76: ROW-R3-Z4E-R1 | C76: 45 | F76: LL-R3-E | G76: AIRZONE-R3-E1 | H76: RACK-R3-Z4E-R1-03 | I76: POD-06 | J76: ="RACKPDU-"&H76&"-A" -> RACKPDU-RACK-R3-Z4E-R1-03-A | K76: ="RACKPDU-"&H76&"-B" -> RACKPDU-RACK-R3-Z4E-R1-03-B | L76: 45 | M76: =VLOOKUP($H76,'Cooling-Rack'!$A$2:$G$265,5,FALSE) -> 38.25 | N76: =VLOOKUP($H76,'Cooling-Rack'!$A$2:$G$265,7,FALSE) -> 6.75 | O76: 54 | P76: 0.85 | Q76: 0.15 | R76: RPP-R3-A1 | S76: RPP-R3-B1 | T76: RPDU-R3-A | U76: RPDU-R3R4-B | V76: UPS-02-A | W76: UPS-02-B | X76: BESS-01 | Y76: SWGR-01 | Z76: SWGR-02 | AA76: UTIL-01 | AB76: UTIL-02 | AC76: GEN-01 | AD76: GEN-02 | AE76: CC-R3 | AF76: BDL-R3 | AG76: BDL-RPDU-R3R4 | AH76: BDL-UPS-02 | AL76: 0 | AM76: =AL76/$L76*$M76 -> 0 | AN76: =AL76/$L76*$N76 -> 0 | AO76: 0 | AP76: =AO76/$L76*$M76 -> 0 | AQ76: =AO76/$L76*$N76 -> 0 | AS76: =AR76/$L76*$M76 -> 0 | AT76: =AR76/$L76*$N76 -> 0 | AU76: 30 | AV76: =AU76/$L76*$M76 -> 25.5 | AW76: =AU76/$L76*$N76 -> 4.5 | BA76: =$L76-$AI76 -> 45 | BB76: =$L76-$AL76 -> 45 | BC76: =$L76-$AO76 -> 45 | BD76: =$L76-$AR76 -> 45 | BE76: =$L76-$AU76 -> 15 | BF76: =$L76-$AX76 -> 45 | BG76: =BA76/$L76 -> 1 | BH76: =BB76/$L76 -> 1 | BI76: =BC76/$L76 -> 1 | BJ76: =BD76/$L76 -> 1 | BK76: =BE76/$L76 -> 0.33333333 | BL76: =BF76/$L76 -> 1 | BO76: DTC-RACK-R3-Z4E-R1-03 | BP76: =M76/0.9 -> 42.5 | BQ76: =IF($AI76>0, 1, 0) -> 0 | BR76: =IF($AL76>0, 1, 0) -> 0 | BS76: =IF($AO76>0, 1, 0) -> 0 | BT76: =IF($AR76>0, 1, 0) -> 0 | BU76: =IF($AU76>0, 1, 0) -> 1 | BV76: =IF(AX76>0, 1, 0) -> 0
A77: ZONE-R3-Z4E | B77: ROW-R3-Z4E-R1 | C77: 45 | F77: LL-R3-E | G77: AIRZONE-R3-E1 | H77: RACK-R3-Z4E-R1-04 | I77: POD-06 | J77: ="RACKPDU-"&H77&"-A" -> RACKPDU-RACK-R3-Z4E-R1-04-A | K77: ="RACKPDU-"&H77&"-B" -> RACKPDU-RACK-R3-Z4E-R1-04-B | L77: 45 | M77: =VLOOKUP($H77,'Cooling-Rack'!$A$2:$G$265,5,FALSE) -> 38.25 | N77: =VLOOKUP($H77,'Cooling-Rack'!$A$2:$G$265,7,FALSE) -> 6.75 | O77: 54 | P77: 0.85 | Q77: 0.15 | R77: RPP-R3-A1 | S77: RPP-R3-B1 | T77: RPDU-R3-A | U77: RPDU-R3R4-B | V77: UPS-02-A | W77: UPS-02-B | X77: BESS-01 | Y77: SWGR-01 | Z77: SWGR-02 | AA77: UTIL-01 | AB77: UTIL-02 | AC77: GEN-01 | AD77: GEN-02 | AE77: CC-R3 | AF77: BDL-R3 | AG77: BDL-RPDU-R3R4 | AH77: BDL-UPS-02 | AL77: 0 | AM77: =AL77/$L77*$M77 -> 0 | AN77: =AL77/$L77*$N77 -> 0 | AO77: 0 | AP77: =AO77/$L77*$M77 -> 0 | AQ77: =AO77/$L77*$N77 -> 0 | AS77: =AR77/$L77*$M77 -> 0 | AT77: =AR77/$L77*$N77 -> 0 | AU77: 30 | AV77: =AU77/$L77*$M77 -> 25.5 | AW77: =AU77/$L77*$N77 -> 4.5 | BA77: =$L77-$AI77 -> 45 | BB77: =$L77-$AL77 -> 45 | BC77: =$L77-$AO77 -> 45 | BD77: =$L77-$AR77 -> 45 | BE77: =$L77-$AU77 -> 15 | BF77: =$L77-$AX77 -> 45 | BG77: =BA77/$L77 -> 1 | BH77: =BB77/$L77 -> 1 | BI77: =BC77/$L77 -> 1 | BJ77: =BD77/$L77 -> 1 | BK77: =BE77/$L77 -> 0.33333333 | BL77: =BF77/$L77 -> 1 | BO77: DTC-RACK-R3-Z4E-R1-04 | BP77: =M77/0.9 -> 42.5 | BQ77: =IF($AI77>0, 1, 0) -> 0 | BR77: =IF($AL77>0, 1, 0) -> 0 | BS77: =IF($AO77>0, 1, 0) -> 0 | BT77: =IF($AR77>0, 1, 0) -> 0 | BU77: =IF($AU77>0, 1, 0) -> 1 | BV77: =IF(AX77>0, 1, 0) -> 0
A78: ZONE-R3-Z4E | B78: ROW-R3-Z4E-R1 | C78: 45 | F78: LL-R3-E | G78: AIRZONE-R3-E1 | H78: RACK-R3-Z4E-R1-05 | I78: POD-06 | J78: ="RACKPDU-"&H78&"-A" -> RACKPDU-RACK-R3-Z4E-R1-05-A | K78: ="RACKPDU-"&H78&"-B" -> RACKPDU-RACK-R3-Z4E-R1-05-B | L78: 45 | M78: =VLOOKUP($H78,'Cooling-Rack'!$A$2:$G$265,5,FALSE) -> 38.25 | N78: =VLOOKUP($H78,'Cooling-Rack'!$A$2:$G$265,7,FALSE) -> 6.75 | O78: 54 | P78: 0.85 | Q78: 0.15 | R78: RPP-R3-A3 | S78: RPP-R3-B1 | T78: RPDU-R3-A | U78: RPDU-R3R4-B | V78: UPS-02-A | W78: UPS-02-B | X78: BESS-01 | Y78: SWGR-01 | Z78: SWGR-02 | AA78: UTIL-01 | AB78: UTIL-02 | AC78: GEN-01 | AD78: GEN-02 | AE78: CC-R3 | AF78: BDL-R3 | AG78: BDL-RPDU-R3R4 | AH78: BDL-UPS-02 | AL78: 0 | AM78: =AL78/$L78*$M78 -> 0 | AN78: =AL78/$L78*$N78 -> 0 | AO78: 0 | AP78: =AO78/$L78*$M78 -> 0 | AQ78: =AO78/$L78*$N78 -> 0 | AR78: 30 | AS78: =AR78/$L78*$M78 -> 25.5 | AT78: =AR78/$L78*$N78 -> 4.5 | AU78: 30 | AV78: =AU78/$L78*$M78 -> 25.5 | AW78: =AU78/$L78*$N78 -> 4.5 | BA78: =$L78-$AI78 -> 45 | BB78: =$L78-$AL78 -> 45 | BC78: =$L78-$AO78 -> 45 | BD78: =$L78-$AR78 -> 15 | BE78: =$L78-$AU78 -> 15 | BF78: =$L78-$AX78 -> 45 | BG78: =BA78/$L78 -> 1 | BH78: =BB78/$L78 -> 1 | BI78: =BC78/$L78 -> 1 | BJ78: =BD78/$L78 -> 0.33333333 | BK78: =BE78/$L78 -> 0.33333333 | BL78: =BF78/$L78 -> 1 | BO78: DTC-RACK-R3-Z4E-R1-05 | BP78: =M78/0.9 -> 42.5 | BQ78: =IF($AI78>0, 1, 0) -> 0 | BR78: =IF($AL78>0, 1, 0) -> 0 | BS78: =IF($AO78>0, 1, 0) -> 0 | BT78: =IF($AR78>0, 1, 0) -> 1 | BU78: =IF($AU78>0, 1, 0) -> 1 | BV78: =IF(AX78>0, 1, 0) -> 0
A79: ZONE-R3-Z4E | B79: ROW-R3-Z4E-R1 | C79: 45 | F79: LL-R3-E | G79: AIRZONE-R3-E1 | H79: RACK-R3-Z4E-R1-06 | I79: POD-06 | J79: ="RACKPDU-"&H79&"-A" -> RACKPDU-RACK-R3-Z4E-R1-06-A | K79: ="RACKPDU-"&H79&"-B" -> RACKPDU-RACK-R3-Z4E-R1-06-B | L79: 45 | M79: =VLOOKUP($H79,'Cooling-Rack'!$A$2:$G$265,5,FALSE) -> 38.25 | N79: =VLOOKUP($H79,'Cooling-Rack'!$A$2:$G$265,7,FALSE) -> 6.75 | O79: 54 | P79: 0.85 | Q79: 0.15 | R79: RPP-R3-A3 | S79: RPP-R3-B1 | T79: RPDU-R3-A | U79: RPDU-R3R4-B | V79: UPS-02-A | W79: UPS-02-B | X79: BESS-01 | Y79: SWGR-01 | Z79: SWGR-02 | AA79: UTIL-01 | AB79: UTIL-02 | AC79: GEN-01 | AD79: GEN-02 | AE79: CC-R3 | AF79: BDL-R3 | AG79: BDL-RPDU-R3R4 | AH79: BDL-UPS-02 | AL79: 0 | AM79: =AL79/$L79*$M79 -> 0 | AN79: =AL79/$L79*$N79 -> 0 | AO79: 0 | AP79: =AO79/$L79*$M79 -> 0 | AQ79: =AO79/$L79*$N79 -> 0 | AR79: 30 | AS79: =AR79/$L79*$M79 -> 25.5 | AT79: =AR79/$L79*$N79 -> 4.5 | AU79: 30 | AV79: =AU79/$L79*$M79 -> 25.5 | AW79: =AU79/$L79*$N79 -> 4.5 | BA79: =$L79-$AI79 -> 45 | BB79: =$L79-$AL79 -> 45 | BC79: =$L79-$AO79 -> 45 | BD79: =$L79-$AR79 -> 15 | BE79: =$L79-$AU79 -> 15 | BF79: =$L79-$AX79 -> 45 | BG79: =BA79/$L79 -> 1 | BH79: =BB79/$L79 -> 1 | BI79: =BC79/$L79 -> 1 | BJ79: =BD79/$L79 -> 0.33333333 | BK79: =BE79/$L79 -> 0.33333333 | BL79: =BF79/$L79 -> 1 | BO79: DTC-RACK-R3-Z4E-R1-06 | BP79: =M79/0.9 -> 42.5 | BQ79: =IF($AI79>0, 1, 0) -> 0 | BR79: =IF($AL79>0, 1, 0) -> 0 | BS79: =IF($AO79>0, 1, 0) -> 0 | BT79: =IF($AR79>0, 1, 0) -> 1 | BU79: =IF($AU79>0, 1, 0) -> 1 | BV79: =IF(AX79>0, 1, 0) -> 0
A80: ZONE-R3-Z4E | B80: ROW-R3-Z4E-R1 | C80: 45 | F80: LL-R3-E | G80: AIRZONE-R3-E1 | H80: RACK-R3-Z4E-R1-07 | I80: POD-06 | J80: ="RACKPDU-"&H80&"-A" -> RACKPDU-RACK-R3-Z4E-R1-07-A | K80: ="RACKPDU-"&H80&"-B" -> RACKPDU-RACK-R3-Z4E-R1-07-B | L80: 45 | M80: =VLOOKUP($H80,'Cooling-Rack'!$A$2:$G$265,5,FALSE) -> 38.25 | N80: =VLOOKUP($H80,'Cooling-Rack'!$A$2:$G$265,7,FALSE) -> 6.75 | O80: 54 | P80: 0.85 | Q80: 0.15 | R80: RPP-R3-A3 | S80: RPP-R3-B4 | T80: RPDU-R3-A | U80: RPDU-R3R4-B | V80: UPS-02-A | W80: UPS-02-B | X80: BESS-01 | Y80: SWGR-01 | Z80: SWGR-02 | AA80: UTIL-01 | AB80: UTIL-02 | AC80: GEN-01 | AD80: GEN-02 | AE80: CC-R3 | AF80: BDL-R3 | AG80: BDL-RPDU-R3R4 | AH80: BDL-UPS-02 | AL80: 0 | AM80: =AL80/$L80*$M80 -> 0 | AN80: =AL80/$L80*$N80 -> 0 | AO80: 0 | AP80: =AO80/$L80*$M80 -> 0 | AQ80: =AO80/$L80*$N80 -> 0 | AR80: 30 | AS80: =AR80/$L80*$M80 -> 25.5 | AT80: =AR80/$L80*$N80 -> 4.5 | AU80: 30 | AV80: =AU80/$L80*$M80 -> 25.5 | AW80: =AU80/$L80*$N80 -> 4.5 | BA80: =$L80-$AI80 -> 45 | BB80: =$L80-$AL80 -> 45 | BC80: =$L80-$AO80 -> 45 | BD80: =$L80-$AR80 -> 15 | BE80: =$L80-$AU80 -> 15 | BF80: =$L80-$AX80 -> 45 | BG80: =BA80/$L80 -> 1 | BH80: =BB80/$L80 -> 1 | BI80: =BC80/$L80 -> 1 | BJ80: =BD80/$L80 -> 0.33333333 | BK80: =BE80/$L80 -> 0.33333333 | BL80: =BF80/$L80 -> 1 | BO80: DTC-RACK-R3-Z4E-R1-07 | BP80: =M80/0.9 -> 42.5 | BQ80: =IF($AI80>0, 1, 0) -> 0 | BR80: =IF($AL80>0, 1, 0) -> 0 | BS80: =IF($AO80>0, 1, 0) -> 0 | BT80: =IF($AR80>0, 1, 0) -> 1 | BU80: =IF($AU80>0, 1, 0) -> 1 | BV80: =IF(AX80>0, 1, 0) -> 0
A81: ZONE-R3-Z4E | B81: ROW-R3-Z4E-R1 | C81: 45 | F81: LL-R3-E | G81: AIRZONE-R3-E1 | H81: RACK-R3-Z4E-R1-08 | I81: POD-06 | J81: ="RACKPDU-"&H81&"-A" -> RACKPDU-RACK-R3-Z4E-R1-08-A | K81: ="RACKPDU-"&H81&"-B" -> RACKPDU-RACK-R3-Z4E-R1-08-B | L81: 45 | M81: =VLOOKUP($H81,'Cooling-Rack'!$A$2:$G$265,5,FALSE) -> 38.25 | N81: =VLOOKUP($H81,'Cooling-Rack'!$A$2:$G$265,7,FALSE) -> 6.75 | O81: 54 | P81: 0.85 | Q81: 0.15 | R81: RPP-R3-A3 | S81: RPP-R3-B4 | T81: RPDU-R3-A | U81: RPDU-R3R4-B | V81: UPS-02-A | W81: UPS-02-B | X81: BESS-01 | Y81: SWGR-01 | Z81: SWGR-02 | AA81: UTIL-01 | AB81: UTIL-02 | AC81: GEN-01 | AD81: GEN-02 | AE81: CC-R3 | AF81: BDL-R3 | AG81: BDL-RPDU-R3R4 | AH81: BDL-UPS-02 | AL81: 0 | AM81: =AL81/$L81*$M81 -> 0 | AN81: =AL81/$L81*$N81 -> 0 | AO81: 0 | AP81: =AO81/$L81*$M81 -> 0 | AQ81: =AO81/$L81*$N81 -> 0 | AR81: 30 | AS81: =AR81/$L81*$M81 -> 25.5 | AT81: =AR81/$L81*$N81 -> 4.5 | AU81: 30 | AV81: =AU81/$L81*$M81 -> 25.5 | AW81: =AU81/$L81*$N81 -> 4.5 | BA81: =$L81-$AI81 -> 45 | BB81: =$L81-$AL81 -> 45 | BC81: =$L81-$AO81 -> 45 | BD81: =$L81-$AR81 -> 15 | BE81: =$L81-$AU81 -> 15 | BF81: =$L81-$AX81 -> 45 | BG81: =BA81/$L81 -> 1 | BH81: =BB81/$L81 -> 1 | BI81: =BC81/$L81 -> 1 | BJ81: =BD81/$L81 -> 0.33333333 | BK81: =BE81/$L81 -> 0.33333333 | BL81: =BF81/$L81 -> 1 | BO81: DTC-RACK-R3-Z4E-R1-08 | BP81: =M81/0.9 -> 42.5 | BQ81: =IF($AI81>0, 1, 0) -> 0 | BR81: =IF($AL81>0, 1, 0) -> 0 | BS81: =IF($AO81>0, 1, 0) -> 0 | BT81: =IF($AR81>0, 1, 0) -> 1 | BU81: =IF($AU81>0, 1, 0) -> 1 | BV81: =IF(AX81>0, 1, 0) -> 0
A82: ZONE-R3-Z4E | B82: ROW-R3-Z4E-R1 | C82: 45 | F82: LL-R3-E | G82: AIRZONE-R3-E1 | H82: RACK-R3-Z4E-R1-09 | I82: POD-06 | J82: ="RACKPDU-"&H82&"-A" -> RACKPDU-RACK-R3-Z4E-R1-09-A | K82: ="RACKPDU-"&H82&"-B" -> RACKPDU-RACK-R3-Z4E-R1-09-B | L82: 45 | M82: =VLOOKUP($H82,'Cooling-Rack'!$A$2:$G$265,5,FALSE) -> 38.25 | N82: =VLOOKUP($H82,'Cooling-Rack'!$A$2:$G$265,7,FALSE) -> 6.75 | O82: 54 | P82: 0.85 | Q82: 0.15 | R82: RPP-R3-A3 | S82: RPP-R3-B4 | T82: RPDU-R3-A | U82: RPDU-R3R4-B | V82: UPS-02-A | W82: UPS-02-B | X82: BESS-01 | Y82: SWGR-01 | Z82: SWGR-02 | AA82: UTIL-01 | AB82: UTIL-02 | AC82: GEN-01 | AD82: GEN-02 | AE82: CC-R3 | AF82: BDL-R3 | AG82: BDL-RPDU-R3R4 | AH82: BDL-UPS-02 | AL82: 0 | AM82: =AL82/$L82*$M82 -> 0 | AN82: =AL82/$L82*$N82 -> 0 | AO82: 0 | AP82: =AO82/$L82*$M82 -> 0 | AQ82: =AO82/$L82*$N82 -> 0 | AR82: 30 | AS82: =AR82/$L82*$M82 -> 25.5 | AT82: =AR82/$L82*$N82 -> 4.5 | AU82: 30 | AV82: =AU82/$L82*$M82 -> 25.5 | AW82: =AU82/$L82*$N82 -> 4.5 | BA82: =$L82-$AI82 -> 45 | BB82: =$L82-$AL82 -> 45 | BC82: =$L82-$AO82 -> 45 | BD82: =$L82-$AR82 -> 15 | BE82: =$L82-$AU82 -> 15 | BF82: =$L82-$AX82 -> 45 | BG82: =BA82/$L82 -> 1 | BH82: =BB82/$L82 -> 1 | BI82: =BC82/$L82 -> 1 | BJ82: =BD82/$L82 -> 0.33333333 | BK82: =BE82/$L82 -> 0.33333333 | BL82: =BF82/$L82 -> 1 | BO82: DTC-RACK-R3-Z4E-R1-09 | BP82: =M82/0.9 -> 42.5 | BQ82: =IF($AI82>0, 1, 0) -> 0 | BR82: =IF($AL82>0, 1, 0) -> 0 | BS82: =IF($AO82>0, 1, 0) -> 0 | BT82: =IF($AR82>0, 1, 0) -> 1 | BU82: =IF($AU82>0, 1, 0) -> 1 | BV82: =IF(AX82>0, 1, 0) -> 0
A83: ZONE-R3-Z4E | B83: ROW-R3-Z4E-R1 | C83: 45 | F83: LL-R3-E | G83: AIRZONE-R3-E1 | H83: RACK-R3-Z4E-R1-10 | I83: POD-06 | J83: ="RACKPDU-"&H83&"-A" -> RACKPDU-RACK-R3-Z4E-R1-10-A | K83: ="RACKPDU-"&H83&"-B" -> RACKPDU-RACK-R3-Z4E-R1-10-B | L83: 45 | M83: =VLOOKUP($H83,'Cooling-Rack'!$A$2:$G$265,5,FALSE) -> 38.25 | N83: =VLOOKUP($H83,'Cooling-Rack'!$A$2:$G$265,7,FALSE) -> 6.75 | O83: 54 | P83: 0.85 | Q83: 0.15 | R83: RPP-R3-A3 | S83: RPP-R3-B4 | T83: RPDU-R3-A | U83: RPDU-R3R4-B | V83: UPS-02-A | W83: UPS-02-B | X83: BESS-01 | Y83: SWGR-01 | Z83: SWGR-02 | AA83: UTIL-01 | AB83: UTIL-02 | AC83: GEN-01 | AD83: GEN-02 | AE83: CC-R3 | AF83: BDL-R3 | AG83: BDL-RPDU-R3R4 | AH83: BDL-UPS-02 | AL83: 0 | AM83: =AL83/$L83*$M83 -> 0 | AN83: =AL83/$L83*$N83 -> 0 | AO83: 0 | AP83: =AO83/$L83*$M83 -> 0 | AQ83: =AO83/$L83*$N83 -> 0 | AR83: 30 | AS83: =AR83/$L83*$M83 -> 25.5 | AT83: =AR83/$L83*$N83 -> 4.5 | AU83: 30 | AV83: =AU83/$L83*$M83 -> 25.5 | AW83: =AU83/$L83*$N83 -> 4.5 | BA83: =$L83-$AI83 -> 45 | BB83: =$L83-$AL83 -> 45 | BC83: =$L83-$AO83 -> 45 | BD83: =$L83-$AR83 -> 15 | BE83: =$L83-$AU83 -> 15 | BF83: =$L83-$AX83 -> 45 | BG83: =BA83/$L83 -> 1 | BH83: =BB83/$L83 -> 1 | BI83: =BC83/$L83 -> 1 | BJ83: =BD83/$L83 -> 0.33333333 | BK83: =BE83/$L83 -> 0.33333333 | BL83: =BF83/$L83 -> 1 | BO83: DTC-RACK-R3-Z4E-R1-10 | BP83: =M83/0.9 -> 42.5 | BQ83: =IF($AI83>0, 1, 0) -> 0 | BR83: =IF($AL83>0, 1, 0) -> 0 | BS83: =IF($AO83>0, 1, 0) -> 0 | BT83: =IF($AR83>0, 1, 0) -> 1 | BU83: =IF($AU83>0, 1, 0) -> 1 | BV83: =IF(AX83>0, 1, 0) -> 0
A84: ZONE-R3-Z4E | B84: ROW-R3-Z4E-R1 | C84: 45 | F84: LL-R3-E | G84: AIRZONE-R3-E1 | H84: RACK-R3-Z4E-R1-11 | I84: POD-06 | J84: ="RACKPDU-"&H84&"-A" -> RACKPDU-RACK-R3-Z4E-R1-11-A | K84: ="RACKPDU-"&H84&"-B" -> RACKPDU-RACK-R3-Z4E-R1-11-B | L84: 45 | M84: =VLOOKUP($H84,'Cooling-Rack'!$A$2:$G$265,5,FALSE) -> 38.25 | N84: =VLOOKUP($H84,'Cooling-Rack'!$A$2:$G$265,7,FALSE) -> 6.75 | O84: 54 | P84: 0.85 | Q84: 0.15 | R84: RPP-R3-A3 | S84: RPP-R3-B4 | T84: RPDU-R3-A | U84: RPDU-R3R4-B | V84: UPS-02-A | W84: UPS-02-B | X84: BESS-01 | Y84: SWGR-01 | Z84: SWGR-02 | AA84: UTIL-01 | AB84: UTIL-02 | AC84: GEN-01 | AD84: GEN-02 | AE84: CC-R3 | AF84: BDL-R3 | AG84: BDL-RPDU-R3R4 | AH84: BDL-UPS-02 | AL84: 0 | AM84: =AL84/$L84*$M84 -> 0 | AN84: =AL84/$L84*$N84 -> 0 | AO84: 0 | AP84: =AO84/$L84*$M84 -> 0 | AQ84: =AO84/$L84*$N84 -> 0 | AR84: 30 | AS84: =AR84/$L84*$M84 -> 25.5 | AT84: =AR84/$L84*$N84 -> 4.5 | AU84: 30 | AV84: =AU84/$L84*$M84 -> 25.5 | AW84: =AU84/$L84*$N84 -> 4.5 | BA84: =$L84-$AI84 -> 45 | BB84: =$L84-$AL84 -> 45 | BC84: =$L84-$AO84 -> 45 | BD84: =$L84-$AR84 -> 15 | BE84: =$L84-$AU84 -> 15 | BF84: =$L84-$AX84 -> 45 | BG84: =BA84/$L84 -> 1 | BH84: =BB84/$L84 -> 1 | BI84: =BC84/$L84 -> 1 | BJ84: =BD84/$L84 -> 0.33333333 | BK84: =BE84/$L84 -> 0.33333333 | BL84: =BF84/$L84 -> 1 | BO84: DTC-RACK-R3-Z4E-R1-11 | BP84: =M84/0.9 -> 42.5 | BQ84: =IF($AI84>0, 1, 0) -> 0 | BR84: =IF($AL84>0, 1, 0) -> 0 | BS84: =IF($AO84>0, 1, 0) -> 0 | BT84: =IF($AR84>0, 1, 0) -> 1 | BU84: =IF($AU84>0, 1, 0) -> 1 | BV84: =IF(AX84>0, 1, 0) -> 0
A85: ZONE-R3-Z4E | B85: ROW-R3-Z4E-R1 | C85: 45 | F85: LL-R3-E | G85: AIRZONE-R3-E1 | H85: RACK-R3-Z4E-R1-12 | I85: POD-06 | J85: ="RACKPDU-"&H85&"-A" -> RACKPDU-RACK-R3-Z4E-R1-12-A | K85: ="RACKPDU-"&H85&"-B" -> RACKPDU-RACK-R3-Z4E-R1-12-B | L85: 45 | M85: =VLOOKUP($H85,'Cooling-Rack'!$A$2:$G$265,5,FALSE) -> 38.25 | N85: =VLOOKUP($H85,'Cooling-Rack'!$A$2:$G$265,7,FALSE) -> 6.75 | O85: 54 | P85: 0.85 | Q85: 0.15 | R85: RPP-R3-A3 | S85: RPP-R3-B4 | T85: RPDU-R3-A | U85: RPDU-R3R4-B | V85: UPS-02-A | W85: UPS-02-B | X85: BESS-01 | Y85: SWGR-01 | Z85: SWGR-02 | AA85: UTIL-01 | AB85: UTIL-02 | AC85: GEN-01 | AD85: GEN-02 | AE85: CC-R3 | AF85: BDL-R3 | AG85: BDL-RPDU-R3R4 | AH85: BDL-UPS-02 | AL85: 0 | AM85: =AL85/$L85*$M85 -> 0 | AN85: =AL85/$L85*$N85 -> 0 | AO85: 0 | AP85: =AO85/$L85*$M85 -> 0 | AQ85: =AO85/$L85*$N85 -> 0 | AR85: 30 | AS85: =AR85/$L85*$M85 -> 25.5 | AT85: =AR85/$L85*$N85 -> 4.5 | AU85: 30 | AV85: =AU85/$L85*$M85 -> 25.5 | AW85: =AU85/$L85*$N85 -> 4.5 | BA85: =$L85-$AI85 -> 45 | BB85: =$L85-$AL85 -> 45 | BC85: =$L85-$AO85 -> 45 | BD85: =$L85-$AR85 -> 15 | BE85: =$L85-$AU85 -> 15 | BF85: =$L85-$AX85 -> 45 | BG85: =BA85/$L85 -> 1 | BH85: =BB85/$L85 -> 1 | BI85: =BC85/$L85 -> 1 | BJ85: =BD85/$L85 -> 0.33333333 | BK85: =BE85/$L85 -> 0.33333333 | BL85: =BF85/$L85 -> 1 | BO85: DTC-RACK-R3-Z4E-R1-12 | BP85: =M85/0.9 -> 42.5 | BQ85: =IF($AI85>0, 1, 0) -> 0 | BR85: =IF($AL85>0, 1, 0) -> 0 | BS85: =IF($AO85>0, 1, 0) -> 0 | BT85: =IF($AR85>0, 1, 0) -> 1 | BU85: =IF($AU85>0, 1, 0) -> 1 | BV85: =IF(AX85>0, 1, 0) -> 0
A86: ZONE-R3-Z4E | B86: ROW-R3-Z4E-R2 | C86: 45 | F86: LL-R3-E | G86: AIRZONE-R3-E1 | H86: RACK-R3-Z4E-R2-01 | I86: POD-06 | J86: ="RACKPDU-"&H86&"-A" -> RACKPDU-RACK-R3-Z4E-R2-01-A | K86: ="RACKPDU-"&H86&"-B" -> RACKPDU-RACK-R3-Z4E-R2-01-B | L86: 45 | M86: =VLOOKUP($H86,'Cooling-Rack'!$A$2:$G$265,5,FALSE) -> 38.25 | N86: =VLOOKUP($H86,'Cooling-Rack'!$A$2:$G$265,7,FALSE) -> 6.75 | O86: 54 | P86: 0.85 | Q86: 0.15 | R86: RPP-R3-A2 | S86: RPP-R3-B2 | T86: RPDU-R3-A | U86: RPDU-R3R4-B | V86: UPS-02-A | W86: UPS-02-B | X86: BESS-01 | Y86: SWGR-01 | Z86: SWGR-02 | AA86: UTIL-01 | AB86: UTIL-02 | AC86: GEN-01 | AD86: GEN-02 | AE86: CC-R3 | AF86: BDL-R3 | AG86: BDL-RPDU-R3R4 | AH86: BDL-UPS-02 | AL86: 0 | AM86: =AL86/$L86*$M86 -> 0 | AN86: =AL86/$L86*$N86 -> 0 | AO86: 0 | AP86: =AO86/$L86*$M86 -> 0 | AQ86: =AO86/$L86*$N86 -> 0 | AS86: =AR86/$L86*$M86 -> 0 | AT86: =AR86/$L86*$N86 -> 0 | AU86: 30 | AV86: =AU86/$L86*$M86 -> 25.5 | AW86: =AU86/$L86*$N86 -> 4.5 | BA86: =$L86-$AI86 -> 45 | BB86: =$L86-$AL86 -> 45 | BC86: =$L86-$AO86 -> 45 | BD86: =$L86-$AR86 -> 45 | BE86: =$L86-$AU86 -> 15 | BF86: =$L86-$AX86 -> 45 | BG86: =BA86/$L86 -> 1 | BH86: =BB86/$L86 -> 1 | BI86: =BC86/$L86 -> 1 | BJ86: =BD86/$L86 -> 1 | BK86: =BE86/$L86 -> 0.33333333 | BL86: =BF86/$L86 -> 1 | BO86: DTC-RACK-R3-Z4E-R2-01 | BP86: =M86/0.9 -> 42.5 | BQ86: =IF($AI86>0, 1, 0) -> 0 | BR86: =IF($AL86>0, 1, 0) -> 0 | BS86: =IF($AO86>0, 1, 0) -> 0 | BT86: =IF($AR86>0, 1, 0) -> 0 | BU86: =IF($AU86>0, 1, 0) -> 1 | BV86: =IF(AX86>0, 1, 0) -> 0
A87: ZONE-R3-Z4E | B87: ROW-R3-Z4E-R2 | C87: 45 | F87: LL-R3-E | G87: AIRZONE-R3-E1 | H87: RACK-R3-Z4E-R2-02 | I87: POD-06 | J87: ="RACKPDU-"&H87&"-A" -> RACKPDU-RACK-R3-Z4E-R2-02-A | K87: ="RACKPDU-"&H87&"-B" -> RACKPDU-RACK-R3-Z4E-R2-02-B | L87: 45 | M87: =VLOOKUP($H87,'Cooling-Rack'!$A$2:$G$265,5,FALSE) -> 38.25 | N87: =VLOOKUP($H87,'Cooling-Rack'!$A$2:$G$265,7,FALSE) -> 6.75 | O87: 54 | P87: 0.85 | Q87: 0.15 | R87: RPP-R3-A2 | S87: RPP-R3-B2 | T87: RPDU-R3-A | U87: RPDU-R3R4-B | V87: UPS-02-A | W87: UPS-02-B | X87: BESS-01 | Y87: SWGR-01 | Z87: SWGR-02 | AA87: UTIL-01 | AB87: UTIL-02 | AC87: GEN-01 | AD87: GEN-02 | AE87: CC-R3 | AF87: BDL-R3 | AG87: BDL-RPDU-R3R4 | AH87: BDL-UPS-02 | AL87: 0 | AM87: =AL87/$L87*$M87 -> 0 | AN87: =AL87/$L87*$N87 -> 0 | AO87: 0 | AP87: =AO87/$L87*$M87 -> 0 | AQ87: =AO87/$L87*$N87 -> 0 | AS87: =AR87/$L87*$M87 -> 0 | AT87: =AR87/$L87*$N87 -> 0 | AU87: 30 | AV87: =AU87/$L87*$M87 -> 25.5 | AW87: =AU87/$L87*$N87 -> 4.5 | BA87: =$L87-$AI87 -> 45 | BB87: =$L87-$AL87 -> 45 | BC87: =$L87-$AO87 -> 45 | BD87: =$L87-$AR87 -> 45 | BE87: =$L87-$AU87 -> 15 | BF87: =$L87-$AX87 -> 45 | BG87: =BA87/$L87 -> 1 | BH87: =BB87/$L87 -> 1 | BI87: =BC87/$L87 -> 1 | BJ87: =BD87/$L87 -> 1 | BK87: =BE87/$L87 -> 0.33333333 | BL87: =BF87/$L87 -> 1 | BO87: DTC-RACK-R3-Z4E-R2-02 | BP87: =M87/0.9 -> 42.5 | BQ87: =IF($AI87>0, 1, 0) -> 0 | BR87: =IF($AL87>0, 1, 0) -> 0 | BS87: =IF($AO87>0, 1, 0) -> 0 | BT87: =IF($AR87>0, 1, 0) -> 0 | BU87: =IF($AU87>0, 1, 0) -> 1 | BV87: =IF(AX87>0, 1, 0) -> 0
A88: ZONE-R3-Z4E | B88: ROW-R3-Z4E-R2 | C88: 45 | F88: LL-R3-E | G88: AIRZONE-R3-E1 | H88: RACK-R3-Z4E-R2-03 | I88: POD-06 | J88: ="RACKPDU-"&H88&"-A" -> RACKPDU-RACK-R3-Z4E-R2-03-A | K88: ="RACKPDU-"&H88&"-B" -> RACKPDU-RACK-R3-Z4E-R2-03-B | L88: 45 | M88: =VLOOKUP($H88,'Cooling-Rack'!$A$2:$G$265,5,FALSE) -> 38.25 | N88: =VLOOKUP($H88,'Cooling-Rack'!$A$2:$G$265,7,FALSE) -> 6.75 | O88: 54 | P88: 0.85 | Q88: 0.15 | R88: RPP-R3-A2 | S88: RPP-R3-B2 | T88: RPDU-R3-A | U88: RPDU-R3R4-B | V88: UPS-02-A | W88: UPS-02-B | X88: BESS-01 | Y88: SWGR-01 | Z88: SWGR-02 | AA88: UTIL-01 | AB88: UTIL-02 | AC88: GEN-01 | AD88: GEN-02 | AE88: CC-R3 | AF88: BDL-R3 | AG88: BDL-RPDU-R3R4 | AH88: BDL-UPS-02 | AL88: 0 | AM88: =AL88/$L88*$M88 -> 0 | AN88: =AL88/$L88*$N88 -> 0 | AO88: 0 | AP88: =AO88/$L88*$M88 -> 0 | AQ88: =AO88/$L88*$N88 -> 0 | AS88: =AR88/$L88*$M88 -> 0 | AT88: =AR88/$L88*$N88 -> 0 | AU88: 30 | AV88: =AU88/$L88*$M88 -> 25.5 | AW88: =AU88/$L88*$N88 -> 4.5 | BA88: =$L88-$AI88 -> 45 | BB88: =$L88-$AL88 -> 45 | BC88: =$L88-$AO88 -> 45 | BD88: =$L88-$AR88 -> 45 | BE88: =$L88-$AU88 -> 15 | BF88: =$L88-$AX88 -> 45 | BG88: =BA88/$L88 -> 1 | BH88: =BB88/$L88 -> 1 | BI88: =BC88/$L88 -> 1 | BJ88: =BD88/$L88 -> 1 | BK88: =BE88/$L88 -> 0.33333333 | BL88: =BF88/$L88 -> 1 | BO88: DTC-RACK-R3-Z4E-R2-03 | BP88: =M88/0.9 -> 42.5 | BQ88: =IF($AI88>0, 1, 0) -> 0 | BR88: =IF($AL88>0, 1, 0) -> 0 | BS88: =IF($AO88>0, 1, 0) -> 0 | BT88: =IF($AR88>0, 1, 0) -> 0 | BU88: =IF($AU88>0, 1, 0) -> 1 | BV88: =IF(AX88>0, 1, 0) -> 0
A89: ZONE-R3-Z4E | B89: ROW-R3-Z4E-R2 | C89: 45 | F89: LL-R3-E | G89: AIRZONE-R3-E1 | H89: RACK-R3-Z4E-R2-04 | I89: POD-06 | J89: ="RACKPDU-"&H89&"-A" -> RACKPDU-RACK-R3-Z4E-R2-04-A | K89: ="RACKPDU-"&H89&"-B" -> RACKPDU-RACK-R3-Z4E-R2-04-B | L89: 45 | M89: =VLOOKUP($H89,'Cooling-Rack'!$A$2:$G$265,5,FALSE) -> 38.25 | N89: =VLOOKUP($H89,'Cooling-Rack'!$A$2:$G$265,7,FALSE) -> 6.75 | O89: 54 | P89: 0.85 | Q89: 0.15 | R89: RPP-R3-A2 | S89: RPP-R3-B2 | T89: RPDU-R3-A | U89: RPDU-R3R4-B | V89: UPS-02-A | W89: UPS-02-B | X89: BESS-01 | Y89: SWGR-01 | Z89: SWGR-02 | AA89: UTIL-01 | AB89: UTIL-02 | AC89: GEN-01 | AD89: GEN-02 | AE89: CC-R3 | AF89: BDL-R3 | AG89: BDL-RPDU-R3R4 | AH89: BDL-UPS-02 | AL89: 0 | AM89: =AL89/$L89*$M89 -> 0 | AN89: =AL89/$L89*$N89 -> 0 | AO89: 0 | AP89: =AO89/$L89*$M89 -> 0 | AQ89: =AO89/$L89*$N89 -> 0 | AS89: =AR89/$L89*$M89 -> 0 | AT89: =AR89/$L89*$N89 -> 0 | AU89: 30 | AV89: =AU89/$L89*$M89 -> 25.5 | AW89: =AU89/$L89*$N89 -> 4.5 | BA89: =$L89-$AI89 -> 45 | BB89: =$L89-$AL89 -> 45 | BC89: =$L89-$AO89 -> 45 | BD89: =$L89-$AR89 -> 45 | BE89: =$L89-$AU89 -> 15 | BF89: =$L89-$AX89 -> 45 | BG89: =BA89/$L89 -> 1 | BH89: =BB89/$L89 -> 1 | BI89: =BC89/$L89 -> 1 | BJ89: =BD89/$L89 -> 1 | BK89: =BE89/$L89 -> 0.33333333 | BL89: =BF89/$L89 -> 1 | BO89: DTC-RACK-R3-Z4E-R2-04 | BP89: =M89/0.9 -> 42.5 | BQ89: =IF($AI89>0, 1, 0) -> 0 | BR89: =IF($AL89>0, 1, 0) -> 0 | BS89: =IF($AO89>0, 1, 0) -> 0 | BT89: =IF($AR89>0, 1, 0) -> 0 | BU89: =IF($AU89>0, 1, 0) -> 1 | BV89: =IF(AX89>0, 1, 0) -> 0
A90: ZONE-R3-Z4E | B90: ROW-R3-Z4E-R2 | C90: 45 | F90: LL-R3-E | G90: AIRZONE-R3-E1 | H90: RACK-R3-Z4E-R2-05 | I90: POD-06 | J90: ="RACKPDU-"&H90&"-A" -> RACKPDU-RACK-R3-Z4E-R2-05-A | K90: ="RACKPDU-"&H90&"-B" -> RACKPDU-RACK-R3-Z4E-R2-05-B | L90: 45 | M90: =VLOOKUP($H90,'Cooling-Rack'!$A$2:$G$265,5,FALSE) -> 38.25 | N90: =VLOOKUP($H90,'Cooling-Rack'!$A$2:$G$265,7,FALSE) -> 6.75 | O90: 54 | P90: 0.85 | Q90: 0.15 | R90: RPP-R3-A4 | S90: RPP-R3-B2 | T90: RPDU-R3-A | U90: RPDU-R3R4-B | V90: UPS-02-A | W90: UPS-02-B | X90: BESS-01 | Y90: SWGR-01 | Z90: SWGR-02 | AA90: UTIL-01 | AB90: UTIL-02 | AC90: GEN-01 | AD90: GEN-02 | AE90: CC-R3 | AF90: BDL-R3 | AG90: BDL-RPDU-R3R4 | AH90: BDL-UPS-02 | AL90: 0 | AM90: =AL90/$L90*$M90 -> 0 | AN90: =AL90/$L90*$N90 -> 0 | AO90: 0 | AP90: =AO90/$L90*$M90 -> 0 | AQ90: =AO90/$L90*$N90 -> 0 | AR90: 30 | AS90: =AR90/$L90*$M90 -> 25.5 | AT90: =AR90/$L90*$N90 -> 4.5 | AU90: 30 | AV90: =AU90/$L90*$M90 -> 25.5 | AW90: =AU90/$L90*$N90 -> 4.5 | BA90: =$L90-$AI90 -> 45 | BB90: =$L90-$AL90 -> 45 | BC90: =$L90-$AO90 -> 45 | BD90: =$L90-$AR90 -> 15 | BE90: =$L90-$AU90 -> 15 | BF90: =$L90-$AX90 -> 45 | BG90: =BA90/$L90 -> 1 | BH90: =BB90/$L90 -> 1 | BI90: =BC90/$L90 -> 1 | BJ90: =BD90/$L90 -> 0.33333333 | BK90: =BE90/$L90 -> 0.33333333 | BL90: =BF90/$L90 -> 1 | BO90: DTC-RACK-R3-Z4E-R2-05 | BP90: =M90/0.9 -> 42.5 | BQ90: =IF($AI90>0, 1, 0) -> 0 | BR90: =IF($AL90>0, 1, 0) -> 0 | BS90: =IF($AO90>0, 1, 0) -> 0 | BT90: =IF($AR90>0, 1, 0) -> 1 | BU90: =IF($AU90>0, 1, 0) -> 1 | BV90: =IF(AX90>0, 1, 0) -> 0
A91: ZONE-R3-Z4E | B91: ROW-R3-Z4E-R2 | C91: 45 | F91: LL-R3-E | G91: AIRZONE-R3-E1 | H91: RACK-R3-Z4E-R2-06 | I91: POD-06 | J91: ="RACKPDU-"&H91&"-A" -> RACKPDU-RACK-R3-Z4E-R2-06-A | K91: ="RACKPDU-"&H91&"-B" -> RACKPDU-RACK-R3-Z4E-R2-06-B | L91: 45 | M91: =VLOOKUP($H91,'Cooling-Rack'!$A$2:$G$265,5,FALSE) -> 38.25 | N91: =VLOOKUP($H91,'Cooling-Rack'!$A$2:$G$265,7,FALSE) -> 6.75 | O91: 54 | P91: 0.85 | Q91: 0.15 | R91: RPP-R3-A4 | S91: RPP-R3-B2 | T91: RPDU-R3-A | U91: RPDU-R3R4-B | V91: UPS-02-A | W91: UPS-02-B | X91: BESS-01 | Y91: SWGR-01 | Z91: SWGR-02 | AA91: UTIL-01 | AB91: UTIL-02 | AC91: GEN-01 | AD91: GEN-02 | AE91: CC-R3 | AF91: BDL-R3 | AG91: BDL-RPDU-R3R4 | AH91: BDL-UPS-02 | AL91: 0 | AM91: =AL91/$L91*$M91 -> 0 | AN91: =AL91/$L91*$N91 -> 0 | AO91: 0 | AP91: =AO91/$L91*$M91 -> 0 | AQ91: =AO91/$L91*$N91 -> 0 | AR91: 30 | AS91: =AR91/$L91*$M91 -> 25.5 | AT91: =AR91/$L91*$N91 -> 4.5 | AU91: 30 | AV91: =AU91/$L91*$M91 -> 25.5 | AW91: =AU91/$L91*$N91 -> 4.5 | BA91: =$L91-$AI91 -> 45 | BB91: =$L91-$AL91 -> 45 | BC91: =$L91-$AO91 -> 45 | BD91: =$L91-$AR91 -> 15 | BE91: =$L91-$AU91 -> 15 | BF91: =$L91-$AX91 -> 45 | BG91: =BA91/$L91 -> 1 | BH91: =BB91/$L91 -> 1 | BI91: =BC91/$L91 -> 1 | BJ91: =BD91/$L91 -> 0.33333333 | BK91: =BE91/$L91 -> 0.33333333 | BL91: =BF91/$L91 -> 1 | BO91: DTC-RACK-R3-Z4E-R2-06 | BP91: =M91/0.9 -> 42.5 | BQ91: =IF($AI91>0, 1, 0) -> 0 | BR91: =IF($AL91>0, 1, 0) -> 0 | BS91: =IF($AO91>0, 1, 0) -> 0 | BT91: =IF($AR91>0, 1, 0) -> 1 | BU91: =IF($AU91>0, 1, 0) -> 1 | BV91: =IF(AX91>0, 1, 0) -> 0
A92: ZONE-R3-Z4E | B92: ROW-R3-Z4E-R2 | C92: 45 | F92: LL-R3-E | G92: AIRZONE-R3-E1 | H92: RACK-R3-Z4E-R2-07 | I92: POD-06 | J92: ="RACKPDU-"&H92&"-A" -> RACKPDU-RACK-R3-Z4E-R2-07-A | K92: ="RACKPDU-"&H92&"-B" -> RACKPDU-RACK-R3-Z4E-R2-07-B | L92: 45 | M92: =VLOOKUP($H92,'Cooling-Rack'!$A$2:$G$265,5,FALSE) -> 38.25 | N92: =VLOOKUP($H92,'Cooling-Rack'!$A$2:$G$265,7,FALSE) -> 6.75 | O92: 54 | P92: 0.85 | Q92: 0.15 | R92: RPP-R3-A4 | S92: RPP-R3-B4 | T92: RPDU-R3-A | U92: RPDU-R3R4-B | V92: UPS-02-A | W92: UPS-02-B | X92: BESS-01 | Y92: SWGR-01 | Z92: SWGR-02 | AA92: UTIL-01 | AB92: UTIL-02 | AC92: GEN-01 | AD92: GEN-02 | AE92: CC-R3 | AF92: BDL-R3 | AG92: BDL-RPDU-R3R4 | AH92: BDL-UPS-02 | AL92: 0 | AM92: =AL92/$L92*$M92 -> 0 | AN92: =AL92/$L92*$N92 -> 0 | AO92: 0 | AP92: =AO92/$L92*$M92 -> 0 | AQ92: =AO92/$L92*$N92 -> 0 | AR92: 30 | AS92: =AR92/$L92*$M92 -> 25.5 | AT92: =AR92/$L92*$N92 -> 4.5 | AU92: 30 | AV92: =AU92/$L92*$M92 -> 25.5 | AW92: =AU92/$L92*$N92 -> 4.5 | BA92: =$L92-$AI92 -> 45 | BB92: =$L92-$AL92 -> 45 | BC92: =$L92-$AO92 -> 45 | BD92: =$L92-$AR92 -> 15 | BE92: =$L92-$AU92 -> 15 | BF92: =$L92-$AX92 -> 45 | BG92: =BA92/$L92 -> 1 | BH92: =BB92/$L92 -> 1 | BI92: =BC92/$L92 -> 1 | BJ92: =BD92/$L92 -> 0.33333333 | BK92: =BE92/$L92 -> 0.33333333 | BL92: =BF92/$L92 -> 1 | BO92: DTC-RACK-R3-Z4E-R2-07 | BP92: =M92/0.9 -> 42.5 | BQ92: =IF($AI92>0, 1, 0) -> 0 | BR92: =IF($AL92>0, 1, 0) -> 0 | BS92: =IF($AO92>0, 1, 0) -> 0 | BT92: =IF($AR92>0, 1, 0) -> 1 | BU92: =IF($AU92>0, 1, 0) -> 1 | BV92: =IF(AX92>0, 1, 0) -> 0
A93: ZONE-R3-Z4E | B93: ROW-R3-Z4E-R2 | C93: 45 | F93: LL-R3-E | G93: AIRZONE-R3-E1 | H93: RACK-R3-Z4E-R2-08 | I93: POD-06 | J93: ="RACKPDU-"&H93&"-A" -> RACKPDU-RACK-R3-Z4E-R2-08-A | K93: ="RACKPDU-"&H93&"-B" -> RACKPDU-RACK-R3-Z4E-R2-08-B | L93: 45 | M93: =VLOOKUP($H93,'Cooling-Rack'!$A$2:$G$265,5,FALSE) -> 38.25 | N93: =VLOOKUP($H93,'Cooling-Rack'!$A$2:$G$265,7,FALSE) -> 6.75 | O93: 54 | P93: 0.85 | Q93: 0.15 | R93: RPP-R3-A4 | S93: RPP-R3-B4 | T93: RPDU-R3-A | U93: RPDU-R3R4-B | V93: UPS-02-A | W93: UPS-02-B | X93: BESS-01 | Y93: SWGR-01 | Z93: SWGR-02 | AA93: UTIL-01 | AB93: UTIL-02 | AC93: GEN-01 | AD93: GEN-02 | AE93: CC-R3 | AF93: BDL-R3 | AG93: BDL-RPDU-R3R4 | AH93: BDL-UPS-02 | AL93: 0 | AM93: =AL93/$L93*$M93 -> 0 | AN93: =AL93/$L93*$N93 -> 0 | AO93: 0 | AP93: =AO93/$L93*$M93 -> 0 | AQ93: =AO93/$L93*$N93 -> 0 | AR93: 30 | AS93: =AR93/$L93*$M93 -> 25.5 | AT93: =AR93/$L93*$N93 -> 4.5 | AU93: 30 | AV93: =AU93/$L93*$M93 -> 25.5 | AW93: =AU93/$L93*$N93 -> 4.5 | BA93: =$L93-$AI93 -> 45 | BB93: =$L93-$AL93 -> 45 | BC93: =$L93-$AO93 -> 45 | BD93: =$L93-$AR93 -> 15 | BE93: =$L93-$AU93 -> 15 | BF93: =$L93-$AX93 -> 45 | BG93: =BA93/$L93 -> 1 | BH93: =BB93/$L93 -> 1 | BI93: =BC93/$L93 -> 1 | BJ93: =BD93/$L93 -> 0.33333333 | BK93: =BE93/$L93 -> 0.33333333 | BL93: =BF93/$L93 -> 1 | BO93: DTC-RACK-R3-Z4E-R2-08 | BP93: =M93/0.9 -> 42.5 | BQ93: =IF($AI93>0, 1, 0) -> 0 | BR93: =IF($AL93>0, 1, 0) -> 0 | BS93: =IF($AO93>0, 1, 0) -> 0 | BT93: =IF($AR93>0, 1, 0) -> 1 | BU93: =IF($AU93>0, 1, 0) -> 1 | BV93: =IF(AX93>0, 1, 0) -> 0
A94: ZONE-R3-Z4E | B94: ROW-R3-Z4E-R2 | C94: 45 | F94: LL-R3-E | G94: AIRZONE-R3-E1 | H94: RACK-R3-Z4E-R2-09 | I94: POD-06 | J94: ="RACKPDU-"&H94&"-A" -> RACKPDU-RACK-R3-Z4E-R2-09-A | K94: ="RACKPDU-"&H94&"-B" -> RACKPDU-RACK-R3-Z4E-R2-09-B | L94: 45 | M94: =VLOOKUP($H94,'Cooling-Rack'!$A$2:$G$265,5,FALSE) -> 38.25 | N94: =VLOOKUP($H94,'Cooling-Rack'!$A$2:$G$265,7,FALSE) -> 6.75 | O94: 54 | P94: 0.85 | Q94: 0.15 | R94: RPP-R3-A4 | S94: RPP-R3-B4 | T94: RPDU-R3-A | U94: RPDU-R3R4-B | V94: UPS-02-A | W94: UPS-02-B | X94: BESS-01 | Y94: SWGR-01 | Z94: SWGR-02 | AA94: UTIL-01 | AB94: UTIL-02 | AC94: GEN-01 | AD94: GEN-02 | AE94: CC-R3 | AF94: BDL-R3 | AG94: BDL-RPDU-R3R4 | AH94: BDL-UPS-02 | AL94: 0 | AM94: =AL94/$L94*$M94 -> 0 | AN94: =AL94/$L94*$N94 -> 0 | AO94: 0 | AP94: =AO94/$L94*$M94 -> 0 | AQ94: =AO94/$L94*$N94 -> 0 | AR94: 30 | AS94: =AR94/$L94*$M94 -> 25.5 | AT94: =AR94/$L94*$N94 -> 4.5 | AU94: 30 | AV94: =AU94/$L94*$M94 -> 25.5 | AW94: =AU94/$L94*$N94 -> 4.5 | BA94: =$L94-$AI94 -> 45 | BB94: =$L94-$AL94 -> 45 | BC94: =$L94-$AO94 -> 45 | BD94: =$L94-$AR94 -> 15 | BE94: =$L94-$AU94 -> 15 | BF94: =$L94-$AX94 -> 45 | BG94: =BA94/$L94 -> 1 | BH94: =BB94/$L94 -> 1 | BI94: =BC94/$L94 -> 1 | BJ94: =BD94/$L94 -> 0.33333333 | BK94: =BE94/$L94 -> 0.33333333 | BL94: =BF94/$L94 -> 1 | BO94: DTC-RACK-R3-Z4E-R2-09 | BP94: =M94/0.9 -> 42.5 | BQ94: =IF($AI94>0, 1, 0) -> 0 | BR94: =IF($AL94>0, 1, 0) -> 0 | BS94: =IF($AO94>0, 1, 0) -> 0 | BT94: =IF($AR94>0, 1, 0) -> 1 | BU94: =IF($AU94>0, 1, 0) -> 1 | BV94: =IF(AX94>0, 1, 0) -> 0
A95: ZONE-R3-Z4E | B95: ROW-R3-Z4E-R2 | C95: 45 | F95: LL-R3-E | G95: AIRZONE-R3-E1 | H95: RACK-R3-Z4E-R2-10 | I95: POD-06 | J95: ="RACKPDU-"&H95&"-A" -> RACKPDU-RACK-R3-Z4E-R2-10-A | K95: ="RACKPDU-"&H95&"-B" -> RACKPDU-RACK-R3-Z4E-R2-10-B | L95: 45 | M95: =VLOOKUP($H95,'Cooling-Rack'!$A$2:$G$265,5,FALSE) -> 38.25 | N95: =VLOOKUP($H95,'Cooling-Rack'!$A$2:$G$265,7,FALSE) -> 6.75 | O95: 54 | P95: 0.85 | Q95: 0.15 | R95: RPP-R3-A4 | S95: RPP-R3-B4 | T95: RPDU-R3-A | U95: RPDU-R3R4-B | V95: UPS-02-A | W95: UPS-02-B | X95: BESS-01 | Y95: SWGR-01 | Z95: SWGR-02 | AA95: UTIL-01 | AB95: UTIL-02 | AC95: GEN-01 | AD95: GEN-02 | AE95: CC-R3 | AF95: BDL-R3 | AG95: BDL-RPDU-R3R4 | AH95: BDL-UPS-02 | AL95: 0 | AM95: =AL95/$L95*$M95 -> 0 | AN95: =AL95/$L95*$N95 -> 0 | AO95: 0 | AP95: =AO95/$L95*$M95 -> 0 | AQ95: =AO95/$L95*$N95 -> 0 | AR95: 30 | AS95: =AR95/$L95*$M95 -> 25.5 | AT95: =AR95/$L95*$N95 -> 4.5 | AU95: 30 | AV95: =AU95/$L95*$M95 -> 25.5 | AW95: =AU95/$L95*$N95 -> 4.5 | BA95: =$L95-$AI95 -> 45 | BB95: =$L95-$AL95 -> 45 | BC95: =$L95-$AO95 -> 45 | BD95: =$L95-$AR95 -> 15 | BE95: =$L95-$AU95 -> 15 | BF95: =$L95-$AX95 -> 45 | BG95: =BA95/$L95 -> 1 | BH95: =BB95/$L95 -> 1 | BI95: =BC95/$L95 -> 1 | BJ95: =BD95/$L95 -> 0.33333333 | BK95: =BE95/$L95 -> 0.33333333 | BL95: =BF95/$L95 -> 1 | BO95: DTC-RACK-R3-Z4E-R2-10 | BP95: =M95/0.9 -> 42.5 | BQ95: =IF($AI95>0, 1, 0) -> 0 | BR95: =IF($AL95>0, 1, 0) -> 0 | BS95: =IF($AO95>0, 1, 0) -> 0 | BT95: =IF($AR95>0, 1, 0) -> 1 | BU95: =IF($AU95>0, 1, 0) -> 1 | BV95: =IF(AX95>0, 1, 0) -> 0
A96: ZONE-R3-Z4E | B96: ROW-R3-Z4E-R2 | C96: 45 | F96: LL-R3-E | G96: AIRZONE-R3-E1 | H96: RACK-R3-Z4E-R2-11 | I96: POD-06 | J96: ="RACKPDU-"&H96&"-A" -> RACKPDU-RACK-R3-Z4E-R2-11-A | K96: ="RACKPDU-"&H96&"-B" -> RACKPDU-RACK-R3-Z4E-R2-11-B | L96: 45 | M96: =VLOOKUP($H96,'Cooling-Rack'!$A$2:$G$265,5,FALSE) -> 38.25 | N96: =VLOOKUP($H96,'Cooling-Rack'!$A$2:$G$265,7,FALSE) -> 6.75 | O96: 54 | P96: 0.85 | Q96: 0.15 | R96: RPP-R3-A4 | S96: RPP-R3-B4 | T96: RPDU-R3-A | U96: RPDU-R3R4-B | V96: UPS-02-A | W96: UPS-02-B | X96: BESS-01 | Y96: SWGR-01 | Z96: SWGR-02 | AA96: UTIL-01 | AB96: UTIL-02 | AC96: GEN-01 | AD96: GEN-02 | AE96: CC-R3 | AF96: BDL-R3 | AG96: BDL-RPDU-R3R4 | AH96: BDL-UPS-02 | AL96: 0 | AM96: =AL96/$L96*$M96 -> 0 | AN96: =AL96/$L96*$N96 -> 0 | AO96: 0 | AP96: =AO96/$L96*$M96 -> 0 | AQ96: =AO96/$L96*$N96 -> 0 | AR96: 30 | AS96: =AR96/$L96*$M96 -> 25.5 | AT96: =AR96/$L96*$N96 -> 4.5 | AU96: 30 | AV96: =AU96/$L96*$M96 -> 25.5 | AW96: =AU96/$L96*$N96 -> 4.5 | BA96: =$L96-$AI96 -> 45 | BB96: =$L96-$AL96 -> 45 | BC96: =$L96-$AO96 -> 45 | BD96: =$L96-$AR96 -> 15 | BE96: =$L96-$AU96 -> 15 | BF96: =$L96-$AX96 -> 45 | BG96: =BA96/$L96 -> 1 | BH96: =BB96/$L96 -> 1 | BI96: =BC96/$L96 -> 1 | BJ96: =BD96/$L96 -> 0.33333333 | BK96: =BE96/$L96 -> 0.33333333 | BL96: =BF96/$L96 -> 1 | BO96: DTC-RACK-R3-Z4E-R2-11 | BP96: =M96/0.9 -> 42.5 | BQ96: =IF($AI96>0, 1, 0) -> 0 | BR96: =IF($AL96>0, 1, 0) -> 0 | BS96: =IF($AO96>0, 1, 0) -> 0 | BT96: =IF($AR96>0, 1, 0) -> 1 | BU96: =IF($AU96>0, 1, 0) -> 1 | BV96: =IF(AX96>0, 1, 0) -> 0
A97: ZONE-R3-Z4E | B97: ROW-R3-Z4E-R2 | C97: 45 | F97: LL-R3-E | G97: AIRZONE-R3-E1 | H97: RACK-R3-Z4E-R2-12 | I97: POD-06 | J97: ="RACKPDU-"&H97&"-A" -> RACKPDU-RACK-R3-Z4E-R2-12-A | K97: ="RACKPDU-"&H97&"-B" -> RACKPDU-RACK-R3-Z4E-R2-12-B | L97: 45 | M97: =VLOOKUP($H97,'Cooling-Rack'!$A$2:$G$265,5,FALSE) -> 38.25 | N97: =VLOOKUP($H97,'Cooling-Rack'!$A$2:$G$265,7,FALSE) -> 6.75 | O97: 54 | P97: 0.85 | Q97: 0.15 | R97: RPP-R3-A4 | S97: RPP-R3-B4 | T97: RPDU-R3-A | U97: RPDU-R3R4-B | V97: UPS-02-A | W97: UPS-02-B | X97: BESS-01 | Y97: SWGR-01 | Z97: SWGR-02 | AA97: UTIL-01 | AB97: UTIL-02 | AC97: GEN-01 | AD97: GEN-02 | AE97: CC-R3 | AF97: BDL-R3 | AG97: BDL-RPDU-R3R4 | AH97: BDL-UPS-02 | AL97: 0 | AM97: =AL97/$L97*$M97 -> 0 | AN97: =AL97/$L97*$N97 -> 0 | AO97: 0 | AP97: =AO97/$L97*$M97 -> 0 | AQ97: =AO97/$L97*$N97 -> 0 | AR97: 30 | AS97: =AR97/$L97*$M97 -> 25.5 | AT97: =AR97/$L97*$N97 -> 4.5 | AU97: 30 | AV97: =AU97/$L97*$M97 -> 25.5 | AW97: =AU97/$L97*$N97 -> 4.5 | BA97: =$L97-$AI97 -> 45 | BB97: =$L97-$AL97 -> 45 | BC97: =$L97-$AO97 -> 45 | BD97: =$L97-$AR97 -> 15 | BE97: =$L97-$AU97 -> 15 | BF97: =$L97-$AX97 -> 45 | BG97: =BA97/$L97 -> 1 | BH97: =BB97/$L97 -> 1 | BI97: =BC97/$L97 -> 1 | BJ97: =BD97/$L97 -> 0.33333333 | BK97: =BE97/$L97 -> 0.33333333 | BL97: =BF97/$L97 -> 1 | BO97: DTC-RACK-R3-Z4E-R2-12 | BP97: =M97/0.9 -> 42.5 | BQ97: =IF($AI97>0, 1, 0) -> 0 | BR97: =IF($AL97>0, 1, 0) -> 0 | BS97: =IF($AO97>0, 1, 0) -> 0 | BT97: =IF($AR97>0, 1, 0) -> 1 | BU97: =IF($AU97>0, 1, 0) -> 1 | BV97: =IF(AX97>0, 1, 0) -> 0
A98: ZONE-R3-Z5E | B98: ROW-R3-Z5E-R1 | C98: 45 | F98: LL-R3-E | G98: AIRZONE-R3-E1 | H98: RACK-R3-Z5E-R1-01 | I98: POD-06 | J98: ="RACKPDU-"&H98&"-A" -> RACKPDU-RACK-R3-Z5E-R1-01-A | K98: ="RACKPDU-"&H98&"-B" -> RACKPDU-RACK-R3-Z5E-R1-01-B | L98: 45 | M98: =VLOOKUP($H98,'Cooling-Rack'!$A$2:$G$265,5,FALSE) -> 38.25 | N98: =VLOOKUP($H98,'Cooling-Rack'!$A$2:$G$265,7,FALSE) -> 6.75 | O98: 54 | P98: 0.85 | Q98: 0.15 | R98: RPP-R3-A3 | S98: RPP-R3-B1 | T98: RPDU-R3-A | U98: RPDU-R3R4-B | V98: UPS-02-A | W98: UPS-02-B | X98: BESS-01 | Y98: SWGR-01 | Z98: SWGR-02 | AA98: UTIL-01 | AB98: UTIL-02 | AC98: GEN-01 | AD98: GEN-02 | AE98: CC-R3 | AF98: BDL-R3 | AG98: BDL-RPDU-R3R4 | AH98: BDL-UPS-02 | AL98: 0 | AM98: =AL98/$L98*$M98 -> 0 | AN98: =AL98/$L98*$N98 -> 0 | AO98: 0 | AP98: =AO98/$L98*$M98 -> 0 | AQ98: =AO98/$L98*$N98 -> 0 | AR98: 30 | AS98: =AR98/$L98*$M98 -> 25.5 | AT98: =AR98/$L98*$N98 -> 4.5 | AU98: 30 | AV98: =AU98/$L98*$M98 -> 25.5 | AW98: =AU98/$L98*$N98 -> 4.5 | BA98: =$L98-$AI98 -> 45 | BB98: =$L98-$AL98 -> 45 | BC98: =$L98-$AO98 -> 45 | BD98: =$L98-$AR98 -> 15 | BE98: =$L98-$AU98 -> 15 | BF98: =$L98-$AX98 -> 45 | BG98: =BA98/$L98 -> 1 | BH98: =BB98/$L98 -> 1 | BI98: =BC98/$L98 -> 1 | BJ98: =BD98/$L98 -> 0.33333333 | BK98: =BE98/$L98 -> 0.33333333 | BL98: =BF98/$L98 -> 1 | BO98: DTC-RACK-R3-Z5E-R1-01 | BP98: =M98/0.9 -> 42.5 | BQ98: =IF($AI98>0, 1, 0) -> 0 | BR98: =IF($AL98>0, 1, 0) -> 0 | BS98: =IF($AO98>0, 1, 0) -> 0 | BT98: =IF($AR98>0, 1, 0) -> 1 | BU98: =IF($AU98>0, 1, 0) -> 1 | BV98: =IF(AX98>0, 1, 0) -> 0
A99: ZONE-R3-Z5E | B99: ROW-R3-Z5E-R1 | C99: 45 | F99: LL-R3-E | G99: AIRZONE-R3-E1 | H99: RACK-R3-Z5E-R1-02 | I99: POD-06 | J99: ="RACKPDU-"&H99&"-A" -> RACKPDU-RACK-R3-Z5E-R1-02-A | K99: ="RACKPDU-"&H99&"-B" -> RACKPDU-RACK-R3-Z5E-R1-02-B | L99: 45 | M99: =VLOOKUP($H99,'Cooling-Rack'!$A$2:$G$265,5,FALSE) -> 38.25 | N99: =VLOOKUP($H99,'Cooling-Rack'!$A$2:$G$265,7,FALSE) -> 6.75 | O99: 54 | P99: 0.85 | Q99: 0.15 | R99: RPP-R3-A4 | S99: RPP-R3-B1 | T99: RPDU-R3-A | U99: RPDU-R3R4-B | V99: UPS-02-A | W99: UPS-02-B | X99: BESS-01 | Y99: SWGR-01 | Z99: SWGR-02 | AA99: UTIL-01 | AB99: UTIL-02 | AC99: GEN-01 | AD99: GEN-02 | AE99: CC-R3 | AF99: BDL-R3 | AG99: BDL-RPDU-R3R4 | AH99: BDL-UPS-02 | AL99: 0 | AM99: =AL99/$L99*$M99 -> 0 | AN99: =AL99/$L99*$N99 -> 0 | AO99: 0 | AP99: =AO99/$L99*$M99 -> 0 | AQ99: =AO99/$L99*$N99 -> 0 | AR99: 30 | AS99: =AR99/$L99*$M99 -> 25.5 | AT99: =AR99/$L99*$N99 -> 4.5 | AU99: 30 | AV99: =AU99/$L99*$M99 -> 25.5 | AW99: =AU99/$L99*$N99 -> 4.5 | BA99: =$L99-$AI99 -> 45 | BB99: =$L99-$AL99 -> 45 | BC99: =$L99-$AO99 -> 45 | BD99: =$L99-$AR99 -> 15 | BE99: =$L99-$AU99 -> 15 | BF99: =$L99-$AX99 -> 45 | BG99: =BA99/$L99 -> 1 | BH99: =BB99/$L99 -> 1 | BI99: =BC99/$L99 -> 1 | BJ99: =BD99/$L99 -> 0.33333333 | BK99: =BE99/$L99 -> 0.33333333 | BL99: =BF99/$L99 -> 1 | BO99: DTC-RACK-R3-Z5E-R1-02 | BP99: =M99/0.9 -> 42.5 | BQ99: =IF($AI99>0, 1, 0) -> 0 | BR99: =IF($AL99>0, 1, 0) -> 0 | BS99: =IF($AO99>0, 1, 0) -> 0 | BT99: =IF($AR99>0, 1, 0) -> 1 | BU99: =IF($AU99>0, 1, 0) -> 1 | BV99: =IF(AX99>0, 1, 0) -> 0
A100: ZONE-R3-Z5E | B100: ROW-R3-Z5E-R1 | C100: 45 | F100: LL-R3-E | G100: AIRZONE-R3-E1 | H100: RACK-R3-Z5E-R1-03 | I100: POD-06 | J100: ="RACKPDU-"&H100&"-A" -> RACKPDU-RACK-R3-Z5E-R1-03-A | K100: ="RACKPDU-"&H100&"-B" -> RACKPDU-RACK-R3-Z5E-R1-03-B | L100: 45 | M100: =VLOOKUP($H100,'Cooling-Rack'!$A$2:$G$265,5,FALSE) -> 38.25 | N100: =VLOOKUP($H100,'Cooling-Rack'!$A$2:$G$265,7,FALSE) -> 6.75 | O100: 54 | P100: 0.85 | Q100: 0.15 | R100: RPP-R3-A3 | S100: RPP-R3-B1 | T100: RPDU-R3-A | U100: RPDU-R3R4-B | V100: UPS-02-A | W100: UPS-02-B | X100: BESS-01 | Y100: SWGR-01 | Z100: SWGR-02 | AA100: UTIL-01 | AB100: UTIL-02 | AC100: GEN-01 | AD100: GEN-02 | AE100: CC-R3 | AF100: BDL-R3 | AG100: BDL-RPDU-R3R4 | AH100: BDL-UPS-02 | AL100: 0 | AM100: =AL100/$L100*$M100 -> 0 | AN100: =AL100/$L100*$N100 -> 0 | AO100: 0 | AP100: =AO100/$L100*$M100 -> 0 | AQ100: =AO100/$L100*$N100 -> 0 | AR100: 30 | AS100: =AR100/$L100*$M100 -> 25.5 | AT100: =AR100/$L100*$N100 -> 4.5 | AU100: 30 | AV100: =AU100/$L100*$M100 -> 25.5 | AW100: =AU100/$L100*$N100 -> 4.5 | BA100: =$L100-$AI100 -> 45 | BB100: =$L100-$AL100 -> 45 | BC100: =$L100-$AO100 -> 45 | BD100: =$L100-$AR100 -> 15 | BE100: =$L100-$AU100 -> 15 | BF100: =$L100-$AX100 -> 45 | BG100: =BA100/$L100 -> 1 | BH100: =BB100/$L100 -> 1 | BI100: =BC100/$L100 -> 1 | BJ100: =BD100/$L100 -> 0.33333333 | BK100: =BE100/$L100 -> 0.33333333 | BL100: =BF100/$L100 -> 1 | BO100: DTC-RACK-R3-Z5E-R1-03 | BP100: =M100/0.9 -> 42.5 | BQ100: =IF($AI100>0, 1, 0) -> 0 | BR100: =IF($AL100>0, 1, 0) -> 0 | BS100: =IF($AO100>0, 1, 0) -> 0 | BT100: =IF($AR100>0, 1, 0) -> 1 | BU100: =IF($AU100>0, 1, 0) -> 1 | BV100: =IF(AX100>0, 1, 0) -> 0
A101: ZONE-R3-Z5E | B101: ROW-R3-Z5E-R1 | C101: 45 | F101: LL-R3-E | G101: AIRZONE-R3-E1 | H101: RACK-R3-Z5E-R1-04 | I101: POD-06 | J101: ="RACKPDU-"&H101&"-A" -> RACKPDU-RACK-R3-Z5E-R1-04-A | K101: ="RACKPDU-"&H101&"-B" -> RACKPDU-RACK-R3-Z5E-R1-04-B | L101: 45 | M101: =VLOOKUP($H101,'Cooling-Rack'!$A$2:$G$265,5,FALSE) -> 38.25 | N101: =VLOOKUP($H101,'Cooling-Rack'!$A$2:$G$265,7,FALSE) -> 6.75 | O101: 54 | P101: 0.85 | Q101: 0.15 | R101: RPP-R3-A4 | S101: RPP-R3-B1 | T101: RPDU-R3-A | U101: RPDU-R3R4-B | V101: UPS-02-A | W101: UPS-02-B | X101: BESS-01 | Y101: SWGR-01 | Z101: SWGR-02 | AA101: UTIL-01 | AB101: UTIL-02 | AC101: GEN-01 | AD101: GEN-02 | AE101: CC-R3 | AF101: BDL-R3 | AG101: BDL-RPDU-R3R4 | AH101: BDL-UPS-02 | AL101: 0 | AM101: =AL101/$L101*$M101 -> 0 | AN101: =AL101/$L101*$N101 -> 0 | AO101: 0 | AP101: =AO101/$L101*$M101 -> 0 | AQ101: =AO101/$L101*$N101 -> 0 | AR101: 30 | AS101: =AR101/$L101*$M101 -> 25.5 | AT101: =AR101/$L101*$N101 -> 4.5 | AU101: 30 | AV101: =AU101/$L101*$M101 -> 25.5 | AW101: =AU101/$L101*$N101 -> 4.5 | BA101: =$L101-$AI101 -> 45 | BB101: =$L101-$AL101 -> 45 | BC101: =$L101-$AO101 -> 45 | BD101: =$L101-$AR101 -> 15 | BE101: =$L101-$AU101 -> 15 | BF101: =$L101-$AX101 -> 45 | BG101: =BA101/$L101 -> 1 | BH101: =BB101/$L101 -> 1 | BI101: =BC101/$L101 -> 1 | BJ101: =BD101/$L101 -> 0.33333333 | BK101: =BE101/$L101 -> 0.33333333 | BL101: =BF101/$L101 -> 1 | BO101: DTC-RACK-R3-Z5E-R1-04 | BP101: =M101/0.9 -> 42.5 | BQ101: =IF($AI101>0, 1, 0) -> 0 | BR101: =IF($AL101>0, 1, 0) -> 0 | BS101: =IF($AO101>0, 1, 0) -> 0 | BT101: =IF($AR101>0, 1, 0) -> 1 | BU101: =IF($AU101>0, 1, 0) -> 1 | BV101: =IF(AX101>0, 1, 0) -> 0
... A109: ZONE-R3-Z5E | B109: ROW-R3-Z5E-R1 | C109: 45 | F109: LL-R3-E | G109: AIRZONE-R3-E1 | H109: RACK-R3-Z5E-R1-12 | I109: POD-06 | J109: ="RACKPDU-"&H109&"-A" -> RACKPDU-RACK-R3-Z5E-R1-12-A | K109: ="RACKPDU-"&H109&"-B" -> RACKPDU-RACK-R3-Z5E-R1-12-B | L109: 45 | M109: =VLOOKUP($H109,'Cooling-Rack'!$A$2:$G$265,5,FALSE) -> 38.25 | N109: =VLOOKUP($H109,'Cooling-Rack'!$A$2:$G$265,7,FALSE) -> 6.75 | O109: 54 | P109: 0.85 | Q109: 0.15 | R109: RPP-R3-A4 | S109: RPP-R3-B4 | T109: RPDU-R3-A | U109: RPDU-R3R4-B | V109: UPS-02-A | W109: UPS-02-B | X109: BESS-01 | Y109: SWGR-01 | Z109: SWGR-02 | AA109: UTIL-01 | AB109: UTIL-02 | AC109: GEN-01 | AD109: GEN-02 | AE109: CC-R3 | AF109: BDL-R3 | AG109: BDL-RPDU-R3R4 | AH109: BDL-UPS-02 | AL109: 0 | AM109: =AL109/$L109*$M109 -> 0 | AN109: =AL109/$L109*$N109 -> 0 | AO109: 0 | AP109: =AO109/$L109*$M109 -> 0 | AQ109: =AO109/$L109*$N109 -> 0 | AR109: 30 | AS109: =AR109/$L109*$M109 -> 25.5 | AT109: =AR109/$L109*$N109 -> 4.5 | AU109: 30 | AV109: =AU109/$L109*$M109 -> 25.5 | AW109: =AU109/$L109*$N109 -> 4.5 | BA109: =$L109-$AI109 -> 45 | BB109: =$L109-$AL109 -> 45 | BC109: =$L109-$AO109 -> 45 | BD109: =$L109-$AR109 -> 15 | BE109: =$L109-$AU109 -> 15 | BF109: =$L109-$AX109 -> 45 | BG109: =BA109/$L109 -> 1 | BH109: =BB109/$L109 -> 1 | BI109: =BC109/$L109 -> 1 | BJ109: =BD109/$L109 -> 0.33333333 | BK109: =BE109/$L109 -> 0.33333333 | BL109: =BF109/$L109 -> 1 | BO109: DTC-RACK-R3-Z5E-R1-12 | BP109: =M109/0.9 -> 42.5 | BQ109: =IF($AI109>0, 1, 0) -> 0 | BR109: =IF($AL109>0, 1, 0) -> 0 | BS109: =IF($AO109>0, 1, 0) -> 0 | BT109: =IF($AR109>0, 1, 0) -> 1 | BU109: =IF($AU109>0, 1, 0) -> 1 | BV109: =IF(AX109>0, 1, 0) -> 0
A110: ZONE-R3-Z5E | B110: ROW-R3-Z5E-R2 | C110: 45 | F110: LL-R3-E | G110: AIRZONE-R3-E1 | H110: RACK-R3-Z5E-R2-01 | I110: POD-06 | J110: ="RACKPDU-"&H110&"-A" -> RACKPDU-RACK-R3-Z5E-R2-01-A | K110: ="RACKPDU-"&H110&"-B" -> RACKPDU-RACK-R3-Z5E-R2-01-B | L110: 45 | M110: =VLOOKUP($H110,'Cooling-Rack'!$A$2:$G$265,5,FALSE) -> 38.25 | N110: =VLOOKUP($H110,'Cooling-Rack'!$A$2:$G$265,7,FALSE) -> 6.75 | O110: 54 | P110: 0.85 | Q110: 0.15 | R110: RPP-R3-A3 | S110: RPP-R3-B2 | T110: RPDU-R3-A | U110: RPDU-R3R4-B | V110: UPS-02-A | W110: UPS-02-B | X110: BESS-01 | Y110: SWGR-01 | Z110: SWGR-02 | AA110: UTIL-01 | AB110: UTIL-02 | AC110: GEN-01 | AD110: GEN-02 | AE110: CC-R3 | AF110: BDL-R3 | AG110: BDL-RPDU-R3R4 | AH110: BDL-UPS-02 | AL110: 0 | AM110: =AL110/$L110*$M110 -> 0 | AN110: =AL110/$L110*$N110 -> 0 | AO110: 0 | AP110: =AO110/$L110*$M110 -> 0 | AQ110: =AO110/$L110*$N110 -> 0 | AR110: 30 | AS110: =AR110/$L110*$M110 -> 25.5 | AT110: =AR110/$L110*$N110 -> 4.5 | BA110: =$L110-$AI110 -> 45 | BB110: =$L110-$AL110 -> 45 | BC110: =$L110-$AO110 -> 45 | BD110: =$L110-$AR110 -> 15 | BE110: =$L110-$AU110 -> 45 | BF110: =$L110-$AX110 -> 45 | BG110: =BA110/$L110 -> 1 | BH110: =BB110/$L110 -> 1 | BI110: =BC110/$L110 -> 1 | BJ110: =BD110/$L110 -> 0.33333333 | BK110: =BE110/$L110 -> 1 | BL110: =BF110/$L110 -> 1 | BO110: DTC-RACK-R3-Z5E-R2-01 | BP110: =M110/0.9 -> 42.5 | BQ110: =IF($AI110>0, 1, 0) -> 0 | BR110: =IF($AL110>0, 1, 0) -> 0 | BS110: =IF($AO110>0, 1, 0) -> 0 | BT110: =IF($AR110>0, 1, 0) -> 1 | BU110: =IF($AU110>0, 1, 0) -> 0 | BV110: =IF(AX110>0, 1, 0) -> 0
A111: ZONE-R3-Z5E | B111: ROW-R3-Z5E-R2 | C111: 45 | F111: LL-R3-E | G111: AIRZONE-R3-E1 | H111: RACK-R3-Z5E-R2-02 | I111: POD-06 | J111: ="RACKPDU-"&H111&"-A" -> RACKPDU-RACK-R3-Z5E-R2-02-A | K111: ="RACKPDU-"&H111&"-B" -> RACKPDU-RACK-R3-Z5E-R2-02-B | L111: 45 | M111: =VLOOKUP($H111,'Cooling-Rack'!$A$2:$G$265,5,FALSE) -> 38.25 | N111: =VLOOKUP($H111,'Cooling-Rack'!$A$2:$G$265,7,FALSE) -> 6.75 | O111: 54 | P111: 0.85 | Q111: 0.15 | R111: RPP-R3-A4 | S111: RPP-R3-B2 | T111: RPDU-R3-A | U111: RPDU-R3R4-B | V111: UPS-02-A | W111: UPS-02-B | X111: BESS-01 | Y111: SWGR-01 | Z111: SWGR-02 | AA111: UTIL-01 | AB111: UTIL-02 | AC111: GEN-01 | AD111: GEN-02 | AE111: CC-R3 | AF111: BDL-R3 | AG111: BDL-RPDU-R3R4 | AH111: BDL-UPS-02 | AL111: 0 | AM111: =AL111/$L111*$M111 -> 0 | AN111: =AL111/$L111*$N111 -> 0 | AO111: 0 | AP111: =AO111/$L111*$M111 -> 0 | AQ111: =AO111/$L111*$N111 -> 0 | AR111: 30 | AS111: =AR111/$L111*$M111 -> 25.5 | AT111: =AR111/$L111*$N111 -> 4.5 | BA111: =$L111-$AI111 -> 45 | BB111: =$L111-$AL111 -> 45 | BC111: =$L111-$AO111 -> 45 | BD111: =$L111-$AR111 -> 15 | BE111: =$L111-$AU111 -> 45 | BF111: =$L111-$AX111 -> 45 | BG111: =BA111/$L111 -> 1 | BH111: =BB111/$L111 -> 1 | BI111: =BC111/$L111 -> 1 | BJ111: =BD111/$L111 -> 0.33333333 | BK111: =BE111/$L111 -> 1 | BL111: =BF111/$L111 -> 1 | BO111: DTC-RACK-R3-Z5E-R2-02 | BP111: =M111/0.9 -> 42.5 | BQ111: =IF($AI111>0, 1, 0) -> 0 | BR111: =IF($AL111>0, 1, 0) -> 0 | BS111: =IF($AO111>0, 1, 0) -> 0 | BT111: =IF($AR111>0, 1, 0) -> 1 | BU111: =IF($AU111>0, 1, 0) -> 0 | BV111: =IF(AX111>0, 1, 0) -> 0
A112: ZONE-R3-Z5E | B112: ROW-R3-Z5E-R2 | C112: 45 | F112: LL-R3-E | G112: AIRZONE-R3-E1 | H112: RACK-R3-Z5E-R2-03 | I112: POD-06 | J112: ="RACKPDU-"&H112&"-A" -> RACKPDU-RACK-R3-Z5E-R2-03-A | K112: ="RACKPDU-"&H112&"-B" -> RACKPDU-RACK-R3-Z5E-R2-03-B | L112: 45 | M112: =VLOOKUP($H112,'Cooling-Rack'!$A$2:$G$265,5,FALSE) -> 38.25 | N112: =VLOOKUP($H112,'Cooling-Rack'!$A$2:$G$265,7,FALSE) -> 6.75 | O112: 54 | P112: 0.85 | Q112: 0.15 | R112: RPP-R3-A3 | S112: RPP-R3-B2 | T112: RPDU-R3-A | U112: RPDU-R3R4-B | V112: UPS-02-A | W112: UPS-02-B | X112: BESS-01 | Y112: SWGR-01 | Z112: SWGR-02 | AA112: UTIL-01 | AB112: UTIL-02 | AC112: GEN-01 | AD112: GEN-02 | AE112: CC-R3 | AF112: BDL-R3 | AG112: BDL-RPDU-R3R4 | AH112: BDL-UPS-02 | AL112: 0 | AM112: =AL112/$L112*$M112 -> 0 | AN112: =AL112/$L112*$N112 -> 0 | AO112: 0 | AP112: =AO112/$L112*$M112 -> 0 | AQ112: =AO112/$L112*$N112 -> 0 | AR112: 30 | AS112: =AR112/$L112*$M112 -> 25.5 | AT112: =AR112/$L112*$N112 -> 4.5 | BA112: =$L112-$AI112 -> 45 | BB112: =$L112-$AL112 -> 45 | BC112: =$L112-$AO112 -> 45 | BD112: =$L112-$AR112 -> 15 | BE112: =$L112-$AU112 -> 45 | BF112: =$L112-$AX112 -> 45 | BG112: =BA112/$L112 -> 1 | BH112: =BB112/$L112 -> 1 | BI112: =BC112/$L112 -> 1 | BJ112: =BD112/$L112 -> 0.33333333 | BK112: =BE112/$L112 -> 1 | BL112: =BF112/$L112 -> 1 | BO112: DTC-RACK-R3-Z5E-R2-03 | BP112: =M112/0.9 -> 42.5 | BQ112: =IF($AI112>0, 1, 0) -> 0 | BR112: =IF($AL112>0, 1, 0) -> 0 | BS112: =IF($AO112>0, 1, 0) -> 0 | BT112: =IF($AR112>0, 1, 0) -> 1 | BU112: =IF($AU112>0, 1, 0) -> 0 | BV112: =IF(AX112>0, 1, 0) -> 0
A113: ZONE-R3-Z5E | B113: ROW-R3-Z5E-R2 | C113: 45 | F113: LL-R3-E | G113: AIRZONE-R3-E1 | H113: RACK-R3-Z5E-R2-04 | I113: POD-06 | J113: ="RACKPDU-"&H113&"-A" -> RACKPDU-RACK-R3-Z5E-R2-04-A | K113: ="RACKPDU-"&H113&"-B" -> RACKPDU-RACK-R3-Z5E-R2-04-B | L113: 45 | M113: =VLOOKUP($H113,'Cooling-Rack'!$A$2:$G$265,5,FALSE) -> 38.25 | N113: =VLOOKUP($H113,'Cooling-Rack'!$A$2:$G$265,7,FALSE) -> 6.75 | O113: 54 | P113: 0.85 | Q113: 0.15 | R113: RPP-R3-A4 | S113: RPP-R3-B2 | T113: RPDU-R3-A | U113: RPDU-R3R4-B | V113: UPS-02-A | W113: UPS-02-B | X113: BESS-01 | Y113: SWGR-01 | Z113: SWGR-02 | AA113: UTIL-01 | AB113: UTIL-02 | AC113: GEN-01 | AD113: GEN-02 | AE113: CC-R3 | AF113: BDL-R3 | AG113: BDL-RPDU-R3R4 | AH113: BDL-UPS-02 | AL113: 0 | AM113: =AL113/$L113*$M113 -> 0 | AN113: =AL113/$L113*$N113 -> 0 | AO113: 0 | AP113: =AO113/$L113*$M113 -> 0 | AQ113: =AO113/$L113*$N113 -> 0 | AR113: 30 | AS113: =AR113/$L113*$M113 -> 25.5 | AT113: =AR113/$L113*$N113 -> 4.5 | BA113: =$L113-$AI113 -> 45 | BB113: =$L113-$AL113 -> 45 | BC113: =$L113-$AO113 -> 45 | BD113: =$L113-$AR113 -> 15 | BE113: =$L113-$AU113 -> 45 | BF113: =$L113-$AX113 -> 45 | BG113: =BA113/$L113 -> 1 | BH113: =BB113/$L113 -> 1 | BI113: =BC113/$L113 -> 1 | BJ113: =BD113/$L113 -> 0.33333333 | BK113: =BE113/$L113 -> 1 | BL113: =BF113/$L113 -> 1 | BO113: DTC-RACK-R3-Z5E-R2-04 | BP113: =M113/0.9 -> 42.5 | BQ113: =IF($AI113>0, 1, 0) -> 0 | BR113: =IF($AL113>0, 1, 0) -> 0 | BS113: =IF($AO113>0, 1, 0) -> 0 | BT113: =IF($AR113>0, 1, 0) -> 1 | BU113: =IF($AU113>0, 1, 0) -> 0 | BV113: =IF(AX113>0, 1, 0) -> 0
A114: ZONE-R3-Z5E | B114: ROW-R3-Z5E-R2 | C114: 45 | F114: LL-R3-E | G114: AIRZONE-R3-E1 | H114: RACK-R3-Z5E-R2-05 | I114: POD-06 | J114: ="RACKPDU-"&H114&"-A" -> RACKPDU-RACK-R3-Z5E-R2-05-A | K114: ="RACKPDU-"&H114&"-B" -> RACKPDU-RACK-R3-Z5E-R2-05-B | L114: 45 | M114: =VLOOKUP($H114,'Cooling-Rack'!$A$2:$G$265,5,FALSE) -> 38.25 | N114: =VLOOKUP($H114,'Cooling-Rack'!$A$2:$G$265,7,FALSE) -> 6.75 | O114: 54 | P114: 0.85 | Q114: 0.15 | R114: RPP-R3-A3 | S114: RPP-R3-B2 | T114: RPDU-R3-A | U114: RPDU-R3R4-B | V114: UPS-02-A | W114: UPS-02-B | X114: BESS-01 | Y114: SWGR-01 | Z114: SWGR-02 | AA114: UTIL-01 | AB114: UTIL-02 | AC114: GEN-01 | AD114: GEN-02 | AE114: CC-R3 | AF114: BDL-R3 | AG114: BDL-RPDU-R3R4 | AH114: BDL-UPS-02 | AL114: 0 | AM114: =AL114/$L114*$M114 -> 0 | AN114: =AL114/$L114*$N114 -> 0 | AO114: 0 | AP114: =AO114/$L114*$M114 -> 0 | AQ114: =AO114/$L114*$N114 -> 0 | AR114: 30 | AS114: =AR114/$L114*$M114 -> 25.5 | AT114: =AR114/$L114*$N114 -> 4.5 | AV114: =AU114/$L114*$M114 -> 0 | AW114: =AU114/$L114*$N114 -> 0 | BA114: =$L114-$AI114 -> 45 | BB114: =$L114-$AL114 -> 45 | BC114: =$L114-$AO114 -> 45 | BD114: =$L114-$AR114 -> 15 | BE114: =$L114-$AU114 -> 45 | BF114: =$L114-$AX114 -> 45 | BG114: =BA114/$L114 -> 1 | BH114: =BB114/$L114 -> 1 | BI114: =BC114/$L114 -> 1 | BJ114: =BD114/$L114 -> 0.33333333 | BK114: =BE114/$L114 -> 1 | BL114: =BF114/$L114 -> 1 | BO114: DTC-RACK-R3-Z5E-R2-05 | BP114: =M114/0.9 -> 42.5 | BQ114: =IF($AI114>0, 1, 0) -> 0 | BR114: =IF($AL114>0, 1, 0) -> 0 | BS114: =IF($AO114>0, 1, 0) -> 0 | BT114: =IF($AR114>0, 1, 0) -> 1 | BU114: =IF($AU114>0, 1, 0) -> 0 | BV114: =IF(AX114>0, 1, 0) -> 0
A115: ZONE-R3-Z5E | B115: ROW-R3-Z5E-R2 | C115: 45 | F115: LL-R3-E | G115: AIRZONE-R3-E1 | H115: RACK-R3-Z5E-R2-06 | I115: POD-06 | J115: ="RACKPDU-"&H115&"-A" -> RACKPDU-RACK-R3-Z5E-R2-06-A | K115: ="RACKPDU-"&H115&"-B" -> RACKPDU-RACK-R3-Z5E-R2-06-B | L115: 45 | M115: =VLOOKUP($H115,'Cooling-Rack'!$A$2:$G$265,5,FALSE) -> 38.25 | N115: =VLOOKUP($H115,'Cooling-Rack'!$A$2:$G$265,7,FALSE) -> 6.75 | O115: 54 | P115: 0.85 | Q115: 0.15 | R115: RPP-R3-A4 | S115: RPP-R3-B2 | T115: RPDU-R3-A | U115: RPDU-R3R4-B | V115: UPS-02-A | W115: UPS-02-B | X115: BESS-01 | Y115: SWGR-01 | Z115: SWGR-02 | AA115: UTIL-01 | AB115: UTIL-02 | AC115: GEN-01 | AD115: GEN-02 | AE115: CC-R3 | AF115: BDL-R3 | AG115: BDL-RPDU-R3R4 | AH115: BDL-UPS-02 | AL115: 0 | AM115: =AL115/$L115*$M115 -> 0 | AN115: =AL115/$L115*$N115 -> 0 | AO115: 0 | AP115: =AO115/$L115*$M115 -> 0 | AQ115: =AO115/$L115*$N115 -> 0 | AR115: 30 | AS115: =AR115/$L115*$M115 -> 25.5 | AT115: =AR115/$L115*$N115 -> 4.5 | AV115: =AU115/$L115*$M115 -> 0 | AW115: =AU115/$L115*$N115 -> 0 | BA115: =$L115-$AI115 -> 45 | BB115: =$L115-$AL115 -> 45 | BC115: =$L115-$AO115 -> 45 | BD115: =$L115-$AR115 -> 15 | BE115: =$L115-$AU115 -> 45 | BF115: =$L115-$AX115 -> 45 | BG115: =BA115/$L115 -> 1 | BH115: =BB115/$L115 -> 1 | BI115: =BC115/$L115 -> 1 | BJ115: =BD115/$L115 -> 0.33333333 | BK115: =BE115/$L115 -> 1 | BL115: =BF115/$L115 -> 1 | BO115: DTC-RACK-R3-Z5E-R2-06 | BP115: =M115/0.9 -> 42.5 | BQ115: =IF($AI115>0, 1, 0) -> 0 | BR115: =IF($AL115>0, 1, 0) -> 0 | BS115: =IF($AO115>0, 1, 0) -> 0 | BT115: =IF($AR115>0, 1, 0) -> 1 | BU115: =IF($AU115>0, 1, 0) -> 0 | BV115: =IF(AX115>0, 1, 0) -> 0
A116: ZONE-R3-Z5E | B116: ROW-R3-Z5E-R2 | C116: 45 | F116: LL-R3-E | G116: AIRZONE-R3-E1 | H116: RACK-R3-Z5E-R2-07 | I116: POD-06 | J116: ="RACKPDU-"&H116&"-A" -> RACKPDU-RACK-R3-Z5E-R2-07-A | K116: ="RACKPDU-"&H116&"-B" -> RACKPDU-RACK-R3-Z5E-R2-07-B | L116: 45 | M116: =VLOOKUP($H116,'Cooling-Rack'!$A$2:$G$265,5,FALSE) -> 38.25 | N116: =VLOOKUP($H116,'Cooling-Rack'!$A$2:$G$265,7,FALSE) -> 6.75 | O116: 54 | P116: 0.85 | Q116: 0.15 | R116: RPP-R3-A3 | S116: RPP-R3-B4 | T116: RPDU-R3-A | U116: RPDU-R3R4-B | V116: UPS-02-A | W116: UPS-02-B | X116: BESS-01 | Y116: SWGR-01 | Z116: SWGR-02 | AA116: UTIL-01 | AB116: UTIL-02 | AC116: GEN-01 | AD116: GEN-02 | AE116: CC-R3 | AF116: BDL-R3 | AG116: BDL-RPDU-R3R4 | AH116: BDL-UPS-02 | AL116: 0 | AM116: =AL116/$L116*$M116 -> 0 | AN116: =AL116/$L116*$N116 -> 0 | AO116: 0 | AP116: =AO116/$L116*$M116 -> 0 | AQ116: =AO116/$L116*$N116 -> 0 | AR116: 30 | AS116: =AR116/$L116*$M116 -> 25.5 | AT116: =AR116/$L116*$N116 -> 4.5 | AV116: =AU116/$L116*$M116 -> 0 | AW116: =AU116/$L116*$N116 -> 0 | BA116: =$L116-$AI116 -> 45 | BB116: =$L116-$AL116 -> 45 | BC116: =$L116-$AO116 -> 45 | BD116: =$L116-$AR116 -> 15 | BE116: =$L116-$AU116 -> 45 | BF116: =$L116-$AX116 -> 45 | BG116: =BA116/$L116 -> 1 | BH116: =BB116/$L116 -> 1 | BI116: =BC116/$L116 -> 1 | BJ116: =BD116/$L116 -> 0.33333333 | BK116: =BE116/$L116 -> 1 | BL116: =BF116/$L116 -> 1 | BO116: DTC-RACK-R3-Z5E-R2-07 | BP116: =M116/0.9 -> 42.5 | BQ116: =IF($AI116>0, 1, 0) -> 0 | BR116: =IF($AL116>0, 1, 0) -> 0 | BS116: =IF($AO116>0, 1, 0) -> 0 | BT116: =IF($AR116>0, 1, 0) -> 1 | BU116: =IF($AU116>0, 1, 0) -> 0 | BV116: =IF(AX116>0, 1, 0) -> 0
A117: ZONE-R3-Z5E | B117: ROW-R3-Z5E-R2 | C117: 45 | F117: LL-R3-E | G117: AIRZONE-R3-E1 | H117: RACK-R3-Z5E-R2-08 | I117: POD-06 | J117: ="RACKPDU-"&H117&"-A" -> RACKPDU-RACK-R3-Z5E-R2-08-A | K117: ="RACKPDU-"&H117&"-B" -> RACKPDU-RACK-R3-Z5E-R2-08-B | L117: 45 | M117: =VLOOKUP($H117,'Cooling-Rack'!$A$2:$G$265,5,FALSE) -> 38.25 | N117: =VLOOKUP($H117,'Cooling-Rack'!$A$2:$G$265,7,FALSE) -> 6.75 | O117: 54 | P117: 0.85 | Q117: 0.15 | R117: RPP-R3-A4 | S117: RPP-R3-B4 | T117: RPDU-R3-A | U117: RPDU-R3R4-B | V117: UPS-02-A | W117: UPS-02-B | X117: BESS-01 | Y117: SWGR-01 | Z117: SWGR-02 | AA117: UTIL-01 | AB117: UTIL-02 | AC117: GEN-01 | AD117: GEN-02 | AE117: CC-R3 | AF117: BDL-R3 | AG117: BDL-RPDU-R3R4 | AH117: BDL-UPS-02 | AL117: 0 | AM117: =AL117/$L117*$M117 -> 0 | AN117: =AL117/$L117*$N117 -> 0 | AO117: 0 | AP117: =AO117/$L117*$M117 -> 0 | AQ117: =AO117/$L117*$N117 -> 0 | AR117: 30 | AS117: =AR117/$L117*$M117 -> 25.5 | AT117: =AR117/$L117*$N117 -> 4.5 | AV117: =AU117/$L117*$M117 -> 0 | AW117: =AU117/$L117*$N117 -> 0 | BA117: =$L117-$AI117 -> 45 | BB117: =$L117-$AL117 -> 45 | BC117: =$L117-$AO117 -> 45 | BD117: =$L117-$AR117 -> 15 | BE117: =$L117-$AU117 -> 45 | BF117: =$L117-$AX117 -> 45 | BG117: =BA117/$L117 -> 1 | BH117: =BB117/$L117 -> 1 | BI117: =BC117/$L117 -> 1 | BJ117: =BD117/$L117 -> 0.33333333 | BK117: =BE117/$L117 -> 1 | BL117: =BF117/$L117 -> 1 | BO117: DTC-RACK-R3-Z5E-R2-08 | BP117: =M117/0.9 -> 42.5 | BQ117: =IF($AI117>0, 1, 0) -> 0 | BR117: =IF($AL117>0, 1, 0) -> 0 | BS117: =IF($AO117>0, 1, 0) -> 0 | BT117: =IF($AR117>0, 1, 0) -> 1 | BU117: =IF($AU117>0, 1, 0) -> 0 | BV117: =IF(AX117>0, 1, 0) -> 0
A118: ZONE-R3-Z5E | B118: ROW-R3-Z5E-R2 | C118: 45 | F118: LL-R3-E | G118: AIRZONE-R3-E1 | H118: RACK-R3-Z5E-R2-09 | I118: POD-06 | J118: ="RACKPDU-"&H118&"-A" -> RACKPDU-RACK-R3-Z5E-R2-09-A | K118: ="RACKPDU-"&H118&"-B" -> RACKPDU-RACK-R3-Z5E-R2-09-B | L118: 45 | M118: =VLOOKUP($H118,'Cooling-Rack'!$A$2:$G$265,5,FALSE) -> 38.25 | N118: =VLOOKUP($H118,'Cooling-Rack'!$A$2:$G$265,7,FALSE) -> 6.75 | O118: 54 | P118: 0.85 | Q118: 0.15 | R118: RPP-R3-A3 | S118: RPP-R3-B4 | T118: RPDU-R3-A | U118: RPDU-R3R4-B | V118: UPS-02-A | W118: UPS-02-B | X118: BESS-01 | Y118: SWGR-01 | Z118: SWGR-02 | AA118: UTIL-01 | AB118: UTIL-02 | AC118: GEN-01 | AD118: GEN-02 | AE118: CC-R3 | AF118: BDL-R3 | AG118: BDL-RPDU-R3R4 | AH118: BDL-UPS-02 | AL118: 0 | AM118: =AL118/$L118*$M118 -> 0 | AN118: =AL118/$L118*$N118 -> 0 | AO118: 0 | AP118: =AO118/$L118*$M118 -> 0 | AQ118: =AO118/$L118*$N118 -> 0 | AR118: 30 | AS118: =AR118/$L118*$M118 -> 25.5 | AT118: =AR118/$L118*$N118 -> 4.5 | AV118: =AU118/$L118*$M118 -> 0 | AW118: =AU118/$L118*$N118 -> 0 | BA118: =$L118-$AI118 -> 45 | BB118: =$L118-$AL118 -> 45 | BC118: =$L118-$AO118 -> 45 | BD118: =$L118-$AR118 -> 15 | BE118: =$L118-$AU118 -> 45 | BF118: =$L118-$AX118 -> 45 | BG118: =BA118/$L118 -> 1 | BH118: =BB118/$L118 -> 1 | BI118: =BC118/$L118 -> 1 | BJ118: =BD118/$L118 -> 0.33333333 | BK118: =BE118/$L118 -> 1 | BL118: =BF118/$L118 -> 1 | BO118: DTC-RACK-R3-Z5E-R2-09 | BP118: =M118/0.9 -> 42.5 | BQ118: =IF($AI118>0, 1, 0) -> 0 | BR118: =IF($AL118>0, 1, 0) -> 0 | BS118: =IF($AO118>0, 1, 0) -> 0 | BT118: =IF($AR118>0, 1, 0) -> 1 | BU118: =IF($AU118>0, 1, 0) -> 0 | BV118: =IF(AX118>0, 1, 0) -> 0
A119: ZONE-R3-Z5E | B119: ROW-R3-Z5E-R2 | C119: 45 | F119: LL-R3-E | G119: AIRZONE-R3-E1 | H119: RACK-R3-Z5E-R2-10 | I119: POD-06 | J119: ="RACKPDU-"&H119&"-A" -> RACKPDU-RACK-R3-Z5E-R2-10-A | K119: ="RACKPDU-"&H119&"-B" -> RACKPDU-RACK-R3-Z5E-R2-10-B | L119: 45 | M119: =VLOOKUP($H119,'Cooling-Rack'!$A$2:$G$265,5,FALSE) -> 38.25 | N119: =VLOOKUP($H119,'Cooling-Rack'!$A$2:$G$265,7,FALSE) -> 6.75 | O119: 54 | P119: 0.85 | Q119: 0.15 | R119: RPP-R3-A4 | S119: RPP-R3-B4 | T119: RPDU-R3-A | U119: RPDU-R3R4-B | V119: UPS-02-A | W119: UPS-02-B | X119: BESS-01 | Y119: SWGR-01 | Z119: SWGR-02 | AA119: UTIL-01 | AB119: UTIL-02 | AC119: GEN-01 | AD119: GEN-02 | AE119: CC-R3 | AF119: BDL-R3 | AG119: BDL-RPDU-R3R4 | AH119: BDL-UPS-02 | AL119: 0 | AM119: =AL119/$L119*$M119 -> 0 | AN119: =AL119/$L119*$N119 -> 0 | AO119: 0 | AP119: =AO119/$L119*$M119 -> 0 | AQ119: =AO119/$L119*$N119 -> 0 | AR119: 30 | AS119: =AR119/$L119*$M119 -> 25.5 | AT119: =AR119/$L119*$N119 -> 4.5 | AV119: =AU119/$L119*$M119 -> 0 | AW119: =AU119/$L119*$N119 -> 0 | BA119: =$L119-$AI119 -> 45 | BB119: =$L119-$AL119 -> 45 | BC119: =$L119-$AO119 -> 45 | BD119: =$L119-$AR119 -> 15 | BE119: =$L119-$AU119 -> 45 | BF119: =$L119-$AX119 -> 45 | BG119: =BA119/$L119 -> 1 | BH119: =BB119/$L119 -> 1 | BI119: =BC119/$L119 -> 1 | BJ119: =BD119/$L119 -> 0.33333333 | BK119: =BE119/$L119 -> 1 | BL119: =BF119/$L119 -> 1 | BO119: DTC-RACK-R3-Z5E-R2-10 | BP119: =M119/0.9 -> 42.5 | BQ119: =IF($AI119>0, 1, 0) -> 0 | BR119: =IF($AL119>0, 1, 0) -> 0 | BS119: =IF($AO119>0, 1, 0) -> 0 | BT119: =IF($AR119>0, 1, 0) -> 1 | BU119: =IF($AU119>0, 1, 0) -> 0 | BV119: =IF(AX119>0, 1, 0) -> 0
A120: ZONE-R3-Z5E | B120: ROW-R3-Z5E-R2 | C120: 45 | F120: LL-R3-E | G120: AIRZONE-R3-E1 | H120: RACK-R3-Z5E-R2-11 | I120: POD-06 | J120: ="RACKPDU-"&H120&"-A" -> RACKPDU-RACK-R3-Z5E-R2-11-A | K120: ="RACKPDU-"&H120&"-B" -> RACKPDU-RACK-R3-Z5E-R2-11-B | L120: 45 | M120: =VLOOKUP($H120,'Cooling-Rack'!$A$2:$G$265,5,FALSE) -> 38.25 | N120: =VLOOKUP($H120,'Cooling-Rack'!$A$2:$G$265,7,FALSE) -> 6.75 | O120: 54 | P120: 0.85 | Q120: 0.15 | R120: RPP-R3-A3 | S120: RPP-R3-B4 | T120: RPDU-R3-A | U120: RPDU-R3R4-B | V120: UPS-02-A | W120: UPS-02-B | X120: BESS-01 | Y120: SWGR-01 | Z120: SWGR-02 | AA120: UTIL-01 | AB120: UTIL-02 | AC120: GEN-01 | AD120: GEN-02 | AE120: CC-R3 | AF120: BDL-R3 | AG120: BDL-RPDU-R3R4 | AH120: BDL-UPS-02 | AL120: 0 | AM120: =AL120/$L120*$M120 -> 0 | AN120: =AL120/$L120*$N120 -> 0 | AO120: 0 | AP120: =AO120/$L120*$M120 -> 0 | AQ120: =AO120/$L120*$N120 -> 0 | AR120: 30 | AS120: =AR120/$L120*$M120 -> 25.5 | AT120: =AR120/$L120*$N120 -> 4.5 | AV120: =AU120/$L120*$M120 -> 0 | AW120: =AU120/$L120*$N120 -> 0 | BA120: =$L120-$AI120 -> 45 | BB120: =$L120-$AL120 -> 45 | BC120: =$L120-$AO120 -> 45 | BD120: =$L120-$AR120 -> 15 | BE120: =$L120-$AU120 -> 45 | BF120: =$L120-$AX120 -> 45 | BG120: =BA120/$L120 -> 1 | BH120: =BB120/$L120 -> 1 | BI120: =BC120/$L120 -> 1 | BJ120: =BD120/$L120 -> 0.33333333 | BK120: =BE120/$L120 -> 1 | BL120: =BF120/$L120 -> 1 | BO120: DTC-RACK-R3-Z5E-R2-11 | BP120: =M120/0.9 -> 42.5 | BQ120: =IF($AI120>0, 1, 0) -> 0 | BR120: =IF($AL120>0, 1, 0) -> 0 | BS120: =IF($AO120>0, 1, 0) -> 0 | BT120: =IF($AR120>0, 1, 0) -> 1 | BU120: =IF($AU120>0, 1, 0) -> 0 | BV120: =IF(AX120>0, 1, 0) -> 0
A121: ZONE-R3-Z5E | B121: ROW-R3-Z5E-R2 | C121: 45 | F121: LL-R3-E | G121: AIRZONE-R3-E1 | H121: RACK-R3-Z5E-R2-12 | I121: POD-06 | J121: ="RACKPDU-"&H121&"-A" -> RACKPDU-RACK-R3-Z5E-R2-12-A | K121: ="RACKPDU-"&H121&"-B" -> RACKPDU-RACK-R3-Z5E-R2-12-B | L121: 45 | M121: =VLOOKUP($H121,'Cooling-Rack'!$A$2:$G$265,5,FALSE) -> 38.25 | N121: =VLOOKUP($H121,'Cooling-Rack'!$A$2:$G$265,7,FALSE) -> 6.75 | O121: 54 | P121: 0.85 | Q121: 0.15 | R121: RPP-R3-A4 | S121: RPP-R3-B4 | T121: RPDU-R3-A | U121: RPDU-R3R4-B | V121: UPS-02-A | W121: UPS-02-B | X121: BESS-01 | Y121: SWGR-01 | Z121: SWGR-02 | AA121: UTIL-01 | AB121: UTIL-02 | AC121: GEN-01 | AD121: GEN-02 | AE121: CC-R3 | AF121: BDL-R3 | AG121: BDL-RPDU-R3R4 | AH121: BDL-UPS-02 | AL121: 0 | AM121: =AL121/$L121*$M121 -> 0 | AN121: =AL121/$L121*$N121 -> 0 | AO121: 0 | AP121: =AO121/$L121*$M121 -> 0 | AQ121: =AO121/$L121*$N121 -> 0 | AR121: 30 | AS121: =AR121/$L121*$M121 -> 25.5 | AT121: =AR121/$L121*$N121 -> 4.5 | AV121: =AU121/$L121*$M121 -> 0 | AW121: =AU121/$L121*$N121 -> 0 | BA121: =$L121-$AI121 -> 45 | BB121: =$L121-$AL121 -> 45 | BC121: =$L121-$AO121 -> 45 | BD121: =$L121-$AR121 -> 15 | BE121: =$L121-$AU121 -> 45 | BF121: =$L121-$AX121 -> 45 | BG121: =BA121/$L121 -> 1 | BH121: =BB121/$L121 -> 1 | BI121: =BC121/$L121 -> 1 | BJ121: =BD121/$L121 -> 0.33333333 | BK121: =BE121/$L121 -> 1 | BL121: =BF121/$L121 -> 1 | BO121: DTC-RACK-R3-Z5E-R2-12 | BP121: =M121/0.9 -> 42.5 | BQ121: =IF($AI121>0, 1, 0) -> 0 | BR121: =IF($AL121>0, 1, 0) -> 0 | BS121: =IF($AO121>0, 1, 0) -> 0 | BT121: =IF($AR121>0, 1, 0) -> 1 | BU121: =IF($AU121>0, 1, 0) -> 0 | BV121: =IF(AX121>0, 1, 0) -> 0
A122: ZONE-R3-Z6E | B122: ROW-R3-Z6E-R1 | C122: 45 | F122: LL-R3-E | G122: AIRZONE-R3-E2 | H122: RACK-R3-Z6E-R1-01 | I122: POD-06 | J122: ="RACKPDU-"&H122&"-A" -> RACKPDU-RACK-R3-Z6E-R1-01-A | K122: ="RACKPDU-"&H122&"-B" -> RACKPDU-RACK-R3-Z6E-R1-01-B | L122: 45 | M122: =VLOOKUP($H122,'Cooling-Rack'!$A$2:$G$265,5,FALSE) -> 38.25 | N122: =VLOOKUP($H122,'Cooling-Rack'!$A$2:$G$265,7,FALSE) -> 6.75 | O122: 54 | P122: 0.85 | Q122: 0.15 | R122: RPP-R3-A3 | S122: RPP-R3-B1 | T122: RPDU-R3-A | U122: RPDU-R3R4-B | V122: UPS-02-A | W122: UPS-02-B | X122: BESS-01 | Y122: SWGR-01 | Z122: SWGR-02 | AA122: UTIL-01 | AB122: UTIL-02 | AC122: GEN-01 | AD122: GEN-02 | AE122: CC-R3 | AF122: BDL-R3 | AG122: BDL-RPDU-R3R4 | AH122: BDL-UPS-02 | AL122: 0 | AM122: =AL122/$L122*$M122 -> 0 | AN122: =AL122/$L122*$N122 -> 0 | AO122: 0 | AP122: =AO122/$L122*$M122 -> 0 | AQ122: =AO122/$L122*$N122 -> 0 | AR122: 30 | AS122: =AR122/$L122*$M122 -> 25.5 | AT122: =AR122/$L122*$N122 -> 4.5 | AU122: 30 | AV122: =AU122/$L122*$M122 -> 25.5 | AW122: =AU122/$L122*$N122 -> 4.5 | BA122: =$L122-$AI122 -> 45 | BB122: =$L122-$AL122 -> 45 | BC122: =$L122-$AO122 -> 45 | BD122: =$L122-$AR122 -> 15 | BE122: =$L122-$AU122 -> 15 | BF122: =$L122-$AX122 -> 45 | BG122: =BA122/$L122 -> 1 | BH122: =BB122/$L122 -> 1 | BI122: =BC122/$L122 -> 1 | BJ122: =BD122/$L122 -> 0.33333333 | BK122: =BE122/$L122 -> 0.33333333 | BL122: =BF122/$L122 -> 1 | BO122: DTC-RACK-R3-Z6E-R1-01 | BP122: =M122/0.9 -> 42.5 | BQ122: =IF($AI122>0, 1, 0) -> 0 | BR122: =IF($AL122>0, 1, 0) -> 0 | BS122: =IF($AO122>0, 1, 0) -> 0 | BT122: =IF($AR122>0, 1, 0) -> 1 | BU122: =IF($AU122>0, 1, 0) -> 1 | BV122: =IF(AX122>0, 1, 0) -> 0
A123: ZONE-R3-Z6E | B123: ROW-R3-Z6E-R1 | C123: 45 | F123: LL-R3-E | G123: AIRZONE-R3-E2 | H123: RACK-R3-Z6E-R1-02 | I123: POD-06 | J123: ="RACKPDU-"&H123&"-A" -> RACKPDU-RACK-R3-Z6E-R1-02-A | K123: ="RACKPDU-"&H123&"-B" -> RACKPDU-RACK-R3-Z6E-R1-02-B | L123: 45 | M123: =VLOOKUP($H123,'Cooling-Rack'!$A$2:$G$265,5,FALSE) -> 38.25 | N123: =VLOOKUP($H123,'Cooling-Rack'!$A$2:$G$265,7,FALSE) -> 6.75 | O123: 54 | P123: 0.85 | Q123: 0.15 | R123: RPP-R3-A4 | S123: RPP-R3-B1 | T123: RPDU-R3-A | U123: RPDU-R3R4-B | V123: UPS-02-A | W123: UPS-02-B | X123: BESS-01 | Y123: SWGR-01 | Z123: SWGR-02 | AA123: UTIL-01 | AB123: UTIL-02 | AC123: GEN-01 | AD123: GEN-02 | AE123: CC-R3 | AF123: BDL-R3 | AG123: BDL-RPDU-R3R4 | AH123: BDL-UPS-02 | AL123: 0 | AM123: =AL123/$L123*$M123 -> 0 | AN123: =AL123/$L123*$N123 -> 0 | AO123: 0 | AP123: =AO123/$L123*$M123 -> 0 | AQ123: =AO123/$L123*$N123 -> 0 | AR123: 30 | AS123: =AR123/$L123*$M123 -> 25.5 | AT123: =AR123/$L123*$N123 -> 4.5 | AU123: 30 | AV123: =AU123/$L123*$M123 -> 25.5 | AW123: =AU123/$L123*$N123 -> 4.5 | BA123: =$L123-$AI123 -> 45 | BB123: =$L123-$AL123 -> 45 | BC123: =$L123-$AO123 -> 45 | BD123: =$L123-$AR123 -> 15 | BE123: =$L123-$AU123 -> 15 | BF123: =$L123-$AX123 -> 45 | BG123: =BA123/$L123 -> 1 | BH123: =BB123/$L123 -> 1 | BI123: =BC123/$L123 -> 1 | BJ123: =BD123/$L123 -> 0.33333333 | BK123: =BE123/$L123 -> 0.33333333 | BL123: =BF123/$L123 -> 1 | BO123: DTC-RACK-R3-Z6E-R1-02 | BP123: =M123/0.9 -> 42.5 | BQ123: =IF($AI123>0, 1, 0) -> 0 | BR123: =IF($AL123>0, 1, 0) -> 0 | BS123: =IF($AO123>0, 1, 0) -> 0 | BT123: =IF($AR123>0, 1, 0) -> 1 | BU123: =IF($AU123>0, 1, 0) -> 1 | BV123: =IF(AX123>0, 1, 0) -> 0
A124: ZONE-R3-Z6E | B124: ROW-R3-Z6E-R1 | C124: 45 | F124: LL-R3-E | G124: AIRZONE-R3-E2 | H124: RACK-R3-Z6E-R1-03 | I124: POD-06 | J124: ="RACKPDU-"&H124&"-A" -> RACKPDU-RACK-R3-Z6E-R1-03-A | K124: ="RACKPDU-"&H124&"-B" -> RACKPDU-RACK-R3-Z6E-R1-03-B | L124: 45 | M124: =VLOOKUP($H124,'Cooling-Rack'!$A$2:$G$265,5,FALSE) -> 38.25 | N124: =VLOOKUP($H124,'Cooling-Rack'!$A$2:$G$265,7,FALSE) -> 6.75 | O124: 54 | P124: 0.85 | Q124: 0.15 | R124: RPP-R3-A3 | S124: RPP-R3-B1 | T124: RPDU-R3-A | U124: RPDU-R3R4-B | V124: UPS-02-A | W124: UPS-02-B | X124: BESS-01 | Y124: SWGR-01 | Z124: SWGR-02 | AA124: UTIL-01 | AB124: UTIL-02 | AC124: GEN-01 | AD124: GEN-02 | AE124: CC-R3 | AF124: BDL-R3 | AG124: BDL-RPDU-R3R4 | AH124: BDL-UPS-02 | AL124: 0 | AM124: =AL124/$L124*$M124 -> 0 | AN124: =AL124/$L124*$N124 -> 0 | AO124: 0 | AP124: =AO124/$L124*$M124 -> 0 | AQ124: =AO124/$L124*$N124 -> 0 | AR124: 30 | AS124: =AR124/$L124*$M124 -> 25.5 | AT124: =AR124/$L124*$N124 -> 4.5 | AU124: 30 | AV124: =AU124/$L124*$M124 -> 25.5 | AW124: =AU124/$L124*$N124 -> 4.5 | BA124: =$L124-$AI124 -> 45 | BB124: =$L124-$AL124 -> 45 | BC124: =$L124-$AO124 -> 45 | BD124: =$L124-$AR124 -> 15 | BE124: =$L124-$AU124 -> 15 | BF124: =$L124-$AX124 -> 45 | BG124: =BA124/$L124 -> 1 | BH124: =BB124/$L124 -> 1 | BI124: =BC124/$L124 -> 1 | BJ124: =BD124/$L124 -> 0.33333333 | BK124: =BE124/$L124 -> 0.33333333 | BL124: =BF124/$L124 -> 1 | BO124: DTC-RACK-R3-Z6E-R1-03 | BP124: =M124/0.9 -> 42.5 | BQ124: =IF($AI124>0, 1, 0) -> 0 | BR124: =IF($AL124>0, 1, 0) -> 0 | BS124: =IF($AO124>0, 1, 0) -> 0 | BT124: =IF($AR124>0, 1, 0) -> 1 | BU124: =IF($AU124>0, 1, 0) -> 1 | BV124: =IF(AX124>0, 1, 0) -> 0
A125: ZONE-R3-Z6E | B125: ROW-R3-Z6E-R1 | C125: 45 | F125: LL-R3-E | G125: AIRZONE-R3-E2 | H125: RACK-R3-Z6E-R1-04 | I125: POD-06 | J125: ="RACKPDU-"&H125&"-A" -> RACKPDU-RACK-R3-Z6E-R1-04-A | K125: ="RACKPDU-"&H125&"-B" -> RACKPDU-RACK-R3-Z6E-R1-04-B | L125: 45 | M125: =VLOOKUP($H125,'Cooling-Rack'!$A$2:$G$265,5,FALSE) -> 38.25 | N125: =VLOOKUP($H125,'Cooling-Rack'!$A$2:$G$265,7,FALSE) -> 6.75 | O125: 54 | P125: 0.85 | Q125: 0.15 | R125: RPP-R3-A4 | S125: RPP-R3-B1 | T125: RPDU-R3-A | U125: RPDU-R3R4-B | V125: UPS-02-A | W125: UPS-02-B | X125: BESS-01 | Y125: SWGR-01 | Z125: SWGR-02 | AA125: UTIL-01 | AB125: UTIL-02 | AC125: GEN-01 | AD125: GEN-02 | AE125: CC-R3 | AF125: BDL-R3 | AG125: BDL-RPDU-R3R4 | AH125: BDL-UPS-02 | AL125: 0 | AM125: =AL125/$L125*$M125 -> 0 | AN125: =AL125/$L125*$N125 -> 0 | AO125: 0 | AP125: =AO125/$L125*$M125 -> 0 | AQ125: =AO125/$L125*$N125 -> 0 | AR125: 30 | AS125: =AR125/$L125*$M125 -> 25.5 | AT125: =AR125/$L125*$N125 -> 4.5 | AU125: 30 | AV125: =AU125/$L125*$M125 -> 25.5 | AW125: =AU125/$L125*$N125 -> 4.5 | BA125: =$L125-$AI125 -> 45 | BB125: =$L125-$AL125 -> 45 | BC125: =$L125-$AO125 -> 45 | BD125: =$L125-$AR125 -> 15 | BE125: =$L125-$AU125 -> 15 | BF125: =$L125-$AX125 -> 45 | BG125: =BA125/$L125 -> 1 | BH125: =BB125/$L125 -> 1 | BI125: =BC125/$L125 -> 1 | BJ125: =BD125/$L125 -> 0.33333333 | BK125: =BE125/$L125 -> 0.33333333 | BL125: =BF125/$L125 -> 1 | BO125: DTC-RACK-R3-Z6E-R1-04 | BP125: =M125/0.9 -> 42.5 | BQ125: =IF($AI125>0, 1, 0) -> 0 | BR125: =IF($AL125>0, 1, 0) -> 0 | BS125: =IF($AO125>0, 1, 0) -> 0 | BT125: =IF($AR125>0, 1, 0) -> 1 | BU125: =IF($AU125>0, 1, 0) -> 1 | BV125: =IF(AX125>0, 1, 0) -> 0
A126: ZONE-R3-Z6E | B126: ROW-R3-Z6E-R1 | C126: 45 | F126: LL-R3-E | G126: AIRZONE-R3-E2 | H126: RACK-R3-Z6E-R1-05 | I126: POD-06 | J126: ="RACKPDU-"&H126&"-A" -> RACKPDU-RACK-R3-Z6E-R1-05-A | K126: ="RACKPDU-"&H126&"-B" -> RACKPDU-RACK-R3-Z6E-R1-05-B | L126: 45 | M126: =VLOOKUP($H126,'Cooling-Rack'!$A$2:$G$265,5,FALSE) -> 38.25 | N126: =VLOOKUP($H126,'Cooling-Rack'!$A$2:$G$265,7,FALSE) -> 6.75 | O126: 54 | P126: 0.85 | Q126: 0.15 | R126: RPP-R3-A3 | S126: RPP-R3-B1 | T126: RPDU-R3-A | U126: RPDU-R3R4-B | V126: UPS-02-A | W126: UPS-02-B | X126: BESS-01 | Y126: SWGR-01 | Z126: SWGR-02 | AA126: UTIL-01 | AB126: UTIL-02 | AC126: GEN-01 | AD126: GEN-02 | AE126: CC-R3 | AF126: BDL-R3 | AG126: BDL-RPDU-R3R4 | AH126: BDL-UPS-02 | AL126: 0 | AM126: =AL126/$L126*$M126 -> 0 | AN126: =AL126/$L126*$N126 -> 0 | AO126: 0 | AP126: =AO126/$L126*$M126 -> 0 | AQ126: =AO126/$L126*$N126 -> 0 | AR126: 30 | AS126: =AR126/$L126*$M126 -> 25.5 | AT126: =AR126/$L126*$N126 -> 4.5 | AU126: 30 | AV126: =AU126/$L126*$M126 -> 25.5 | AW126: =AU126/$L126*$N126 -> 4.5 | BA126: =$L126-$AI126 -> 45 | BB126: =$L126-$AL126 -> 45 | BC126: =$L126-$AO126 -> 45 | BD126: =$L126-$AR126 -> 15 | BE126: =$L126-$AU126 -> 15 | BF126: =$L126-$AX126 -> 45 | BG126: =BA126/$L126 -> 1 | BH126: =BB126/$L126 -> 1 | BI126: =BC126/$L126 -> 1 | BJ126: =BD126/$L126 -> 0.33333333 | BK126: =BE126/$L126 -> 0.33333333 | BL126: =BF126/$L126 -> 1 | BO126: DTC-RACK-R3-Z6E-R1-05 | BP126: =M126/0.9 -> 42.5 | BQ126: =IF($AI126>0, 1, 0) -> 0 | BR126: =IF($AL126>0, 1, 0) -> 0 | BS126: =IF($AO126>0, 1, 0) -> 0 | BT126: =IF($AR126>0, 1, 0) -> 1 | BU126: =IF($AU126>0, 1, 0) -> 1 | BV126: =IF(AX126>0, 1, 0) -> 0
A127: ZONE-R3-Z6E | B127: ROW-R3-Z6E-R1 | C127: 45 | F127: LL-R3-E | G127: AIRZONE-R3-E2 | H127: RACK-R3-Z6E-R1-06 | I127: POD-06 | J127: ="RACKPDU-"&H127&"-A" -> RACKPDU-RACK-R3-Z6E-R1-06-A | K127: ="RACKPDU-"&H127&"-B" -> RACKPDU-RACK-R3-Z6E-R1-06-B | L127: 45 | M127: =VLOOKUP($H127,'Cooling-Rack'!$A$2:$G$265,5,FALSE) -> 38.25 | N127: =VLOOKUP($H127,'Cooling-Rack'!$A$2:$G$265,7,FALSE) -> 6.75 | O127: 54 | P127: 0.85 | Q127: 0.15 | R127: RPP-R3-A4 | S127: RPP-R3-B1 | T127: RPDU-R3-A | U127: RPDU-R3R4-B | V127: UPS-02-A | W127: UPS-02-B | X127: BESS-01 | Y127: SWGR-01 | Z127: SWGR-02 | AA127: UTIL-01 | AB127: UTIL-02 | AC127: GEN-01 | AD127: GEN-02 | AE127: CC-R3 | AF127: BDL-R3 | AG127: BDL-RPDU-R3R4 | AH127: BDL-UPS-02 | AL127: 0 | AM127: =AL127/$L127*$M127 -> 0 | AN127: =AL127/$L127*$N127 -> 0 | AO127: 0 | AP127: =AO127/$L127*$M127 -> 0 | AQ127: =AO127/$L127*$N127 -> 0 | AR127: 30 | AS127: =AR127/$L127*$M127 -> 25.5 | AT127: =AR127/$L127*$N127 -> 4.5 | AU127: 30 | AV127: =AU127/$L127*$M127 -> 25.5 | AW127: =AU127/$L127*$N127 -> 4.5 | BA127: =$L127-$AI127 -> 45 | BB127: =$L127-$AL127 -> 45 | BC127: =$L127-$AO127 -> 45 | BD127: =$L127-$AR127 -> 15 | BE127: =$L127-$AU127 -> 15 | BF127: =$L127-$AX127 -> 45 | BG127: =BA127/$L127 -> 1 | BH127: =BB127/$L127 -> 1 | BI127: =BC127/$L127 -> 1 | BJ127: =BD127/$L127 -> 0.33333333 | BK127: =BE127/$L127 -> 0.33333333 | BL127: =BF127/$L127 -> 1 | BO127: DTC-RACK-R3-Z6E-R1-06 | BP127: =M127/0.9 -> 42.5 | BQ127: =IF($AI127>0, 1, 0) -> 0 | BR127: =IF($AL127>0, 1, 0) -> 0 | BS127: =IF($AO127>0, 1, 0) -> 0 | BT127: =IF($AR127>0, 1, 0) -> 1 | BU127: =IF($AU127>0, 1, 0) -> 1 | BV127: =IF(AX127>0, 1, 0) -> 0
A128: ZONE-R3-Z6E | B128: ROW-R3-Z6E-R1 | C128: 45 | F128: LL-R3-E | G128: AIRZONE-R3-E2 | H128: RACK-R3-Z6E-R1-07 | I128: POD-06 | J128: ="RACKPDU-"&H128&"-A" -> RACKPDU-RACK-R3-Z6E-R1-07-A | K128: ="RACKPDU-"&H128&"-B" -> RACKPDU-RACK-R3-Z6E-R1-07-B | L128: 45 | M128: =VLOOKUP($H128,'Cooling-Rack'!$A$2:$G$265,5,FALSE) -> 38.25 | N128: =VLOOKUP($H128,'Cooling-Rack'!$A$2:$G$265,7,FALSE) -> 6.75 | O128: 54 | P128: 0.85 | Q128: 0.15 | R128: RPP-R3-A3 | S128: RPP-R3-B4 | T128: RPDU-R3-A | U128: RPDU-R3R4-B | V128: UPS-02-A | W128: UPS-02-B | X128: BESS-01 | Y128: SWGR-01 | Z128: SWGR-02 | AA128: UTIL-01 | AB128: UTIL-02 | AC128: GEN-01 | AD128: GEN-02 | AE128: CC-R3 | AF128: BDL-R3 | AG128: BDL-RPDU-R3R4 | AH128: BDL-UPS-02 | AL128: 0 | AM128: =AL128/$L128*$M128 -> 0 | AN128: =AL128/$L128*$N128 -> 0 | AO128: 0 | AP128: =AO128/$L128*$M128 -> 0 | AQ128: =AO128/$L128*$N128 -> 0 | AR128: 30 | AS128: =AR128/$L128*$M128 -> 25.5 | AT128: =AR128/$L128*$N128 -> 4.5 | AU128: 30 | AV128: =AU128/$L128*$M128 -> 25.5 | AW128: =AU128/$L128*$N128 -> 4.5 | BA128: =$L128-$AI128 -> 45 | BB128: =$L128-$AL128 -> 45 | BC128: =$L128-$AO128 -> 45 | BD128: =$L128-$AR128 -> 15 | BE128: =$L128-$AU128 -> 15 | BF128: =$L128-$AX128 -> 45 | BG128: =BA128/$L128 -> 1 | BH128: =BB128/$L128 -> 1 | BI128: =BC128/$L128 -> 1 | BJ128: =BD128/$L128 -> 0.33333333 | BK128: =BE128/$L128 -> 0.33333333 | BL128: =BF128/$L128 -> 1 | BO128: DTC-RACK-R3-Z6E-R1-07 | BP128: =M128/0.9 -> 42.5 | BQ128: =IF($AI128>0, 1, 0) -> 0 | BR128: =IF($AL128>0, 1, 0) -> 0 | BS128: =IF($AO128>0, 1, 0) -> 0 | BT128: =IF($AR128>0, 1, 0) -> 1 | BU128: =IF($AU128>0, 1, 0) -> 1 | BV128: =IF(AX128>0, 1, 0) -> 0
A129: ZONE-R3-Z6E | B129: ROW-R3-Z6E-R1 | C129: 45 | F129: LL-R3-E | G129: AIRZONE-R3-E2 | H129: RACK-R3-Z6E-R1-08 | I129: POD-06 | J129: ="RACKPDU-"&H129&"-A" -> RACKPDU-RACK-R3-Z6E-R1-08-A | K129: ="RACKPDU-"&H129&"-B" -> RACKPDU-RACK-R3-Z6E-R1-08-B | L129: 45 | M129: =VLOOKUP($H129,'Cooling-Rack'!$A$2:$G$265,5,FALSE) -> 38.25 | N129: =VLOOKUP($H129,'Cooling-Rack'!$A$2:$G$265,7,FALSE) -> 6.75 | O129: 54 | P129: 0.85 | Q129: 0.15 | R129: RPP-R3-A4 | S129: RPP-R3-B4 | T129: RPDU-R3-A | U129: RPDU-R3R4-B | V129: UPS-02-A | W129: UPS-02-B | X129: BESS-01 | Y129: SWGR-01 | Z129: SWGR-02 | AA129: UTIL-01 | AB129: UTIL-02 | AC129: GEN-01 | AD129: GEN-02 | AE129: CC-R3 | AF129: BDL-R3 | AG129: BDL-RPDU-R3R4 | AH129: BDL-UPS-02 | AL129: 0 | AM129: =AL129/$L129*$M129 -> 0 | AN129: =AL129/$L129*$N129 -> 0 | AO129: 0 | AP129: =AO129/$L129*$M129 -> 0 | AQ129: =AO129/$L129*$N129 -> 0 | AR129: 30 | AS129: =AR129/$L129*$M129 -> 25.5 | AT129: =AR129/$L129*$N129 -> 4.5 | AU129: 30 | AV129: =AU129/$L129*$M129 -> 25.5 | AW129: =AU129/$L129*$N129 -> 4.5 | BA129: =$L129-$AI129 -> 45 | BB129: =$L129-$AL129 -> 45 | BC129: =$L129-$AO129 -> 45 | BD129: =$L129-$AR129 -> 15 | BE129: =$L129-$AU129 -> 15 | BF129: =$L129-$AX129 -> 45 | BG129: =BA129/$L129 -> 1 | BH129: =BB129/$L129 -> 1 | BI129: =BC129/$L129 -> 1 | BJ129: =BD129/$L129 -> 0.33333333 | BK129: =BE129/$L129 -> 0.33333333 | BL129: =BF129/$L129 -> 1 | BO129: DTC-RACK-R3-Z6E-R1-08 | BP129: =M129/0.9 -> 42.5 | BQ129: =IF($AI129>0, 1, 0) -> 0 | BR129: =IF($AL129>0, 1, 0) -> 0 | BS129: =IF($AO129>0, 1, 0) -> 0 | BT129: =IF($AR129>0, 1, 0) -> 1 | BU129: =IF($AU129>0, 1, 0) -> 1 | BV129: =IF(AX129>0, 1, 0) -> 0
A130: ZONE-R3-Z6E | B130: ROW-R3-Z6E-R1 | C130: 45 | F130: LL-R3-E | G130: AIRZONE-R3-E2 | H130: RACK-R3-Z6E-R1-09 | I130: POD-06 | J130: ="RACKPDU-"&H130&"-A" -> RACKPDU-RACK-R3-Z6E-R1-09-A | K130: ="RACKPDU-"&H130&"-B" -> RACKPDU-RACK-R3-Z6E-R1-09-B | L130: 45 | M130: =VLOOKUP($H130,'Cooling-Rack'!$A$2:$G$265,5,FALSE) -> 38.25 | N130: =VLOOKUP($H130,'Cooling-Rack'!$A$2:$G$265,7,FALSE) -> 6.75 | O130: 54 | P130: 0.85 | Q130: 0.15 | R130: RPP-R3-A3 | S130: RPP-R3-B4 | T130: RPDU-R3-A | U130: RPDU-R3R4-B | V130: UPS-02-A | W130: UPS-02-B | X130: BESS-01 | Y130: SWGR-01 | Z130: SWGR-02 | AA130: UTIL-01 | AB130: UTIL-02 | AC130: GEN-01 | AD130: GEN-02 | AE130: CC-R3 | AF130: BDL-R3 | AG130: BDL-RPDU-R3R4 | AH130: BDL-UPS-02 | AL130: 0 | AM130: =AL130/$L130*$M130 -> 0 | AN130: =AL130/$L130*$N130 -> 0 | AO130: 0 | AP130: =AO130/$L130*$M130 -> 0 | AQ130: =AO130/$L130*$N130 -> 0 | AR130: 30 | AS130: =AR130/$L130*$M130 -> 25.5 | AT130: =AR130/$L130*$N130 -> 4.5 | AU130: 30 | AV130: =AU130/$L130*$M130 -> 25.5 | AW130: =AU130/$L130*$N130 -> 4.5 | BA130: =$L130-$AI130 -> 45 | BB130: =$L130-$AL130 -> 45 | BC130: =$L130-$AO130 -> 45 | BD130: =$L130-$AR130 -> 15 | BE130: =$L130-$AU130 -> 15 | BF130: =$L130-$AX130 -> 45 | BG130: =BA130/$L130 -> 1 | BH130: =BB130/$L130 -> 1 | BI130: =BC130/$L130 -> 1 | BJ130: =BD130/$L130 -> 0.33333333 | BK130: =BE130/$L130 -> 0.33333333 | BL130: =BF130/$L130 -> 1 | BO130: DTC-RACK-R3-Z6E-R1-09 | BP130: =M130/0.9 -> 42.5 | BQ130: =IF($AI130>0, 1, 0) -> 0 | BR130: =IF($AL130>0, 1, 0) -> 0 | BS130: =IF($AO130>0, 1, 0) -> 0 | BT130: =IF($AR130>0, 1, 0) -> 1 | BU130: =IF($AU130>0, 1, 0) -> 1 | BV130: =IF(AX130>0, 1, 0) -> 0
A131: ZONE-R3-Z6E | B131: ROW-R3-Z6E-R1 | C131: 45 | F131: LL-R3-E | G131: AIRZONE-R3-E2 | H131: RACK-R3-Z6E-R1-10 | I131: POD-06 | J131: ="RACKPDU-"&H131&"-A" -> RACKPDU-RACK-R3-Z6E-R1-10-A | K131: ="RACKPDU-"&H131&"-B" -> RACKPDU-RACK-R3-Z6E-R1-10-B | L131: 45 | M131: =VLOOKUP($H131,'Cooling-Rack'!$A$2:$G$265,5,FALSE) -> 38.25 | N131: =VLOOKUP($H131,'Cooling-Rack'!$A$2:$G$265,7,FALSE) -> 6.75 | O131: 54 | P131: 0.85 | Q131: 0.15 | R131: RPP-R3-A4 | S131: RPP-R3-B4 | T131: RPDU-R3-A | U131: RPDU-R3R4-B | V131: UPS-02-A | W131: UPS-02-B | X131: BESS-01 | Y131: SWGR-01 | Z131: SWGR-02 | AA131: UTIL-01 | AB131: UTIL-02 | AC131: GEN-01 | AD131: GEN-02 | AE131: CC-R3 | AF131: BDL-R3 | AG131: BDL-RPDU-R3R4 | AH131: BDL-UPS-02 | AL131: 0 | AM131: =AL131/$L131*$M131 -> 0 | AN131: =AL131/$L131*$N131 -> 0 | AO131: 0 | AP131: =AO131/$L131*$M131 -> 0 | AQ131: =AO131/$L131*$N131 -> 0 | AR131: 30 | AS131: =AR131/$L131*$M131 -> 25.5 | AT131: =AR131/$L131*$N131 -> 4.5 | AU131: 30 | AV131: =AU131/$L131*$M131 -> 25.5 | AW131: =AU131/$L131*$N131 -> 4.5 | BA131: =$L131-$AI131 -> 45 | BB131: =$L131-$AL131 -> 45 | BC131: =$L131-$AO131 -> 45 | BD131: =$L131-$AR131 -> 15 | BE131: =$L131-$AU131 -> 15 | BF131: =$L131-$AX131 -> 45 | BG131: =BA131/$L131 -> 1 | BH131: =BB131/$L131 -> 1 | BI131: =BC131/$L131 -> 1 | BJ131: =BD131/$L131 -> 0.33333333 | BK131: =BE131/$L131 -> 0.33333333 | BL131: =BF131/$L131 -> 1 | BO131: DTC-RACK-R3-Z6E-R1-10 | BP131: =M131/0.9 -> 42.5 | BQ131: =IF($AI131>0, 1, 0) -> 0 | BR131: =IF($AL131>0, 1, 0) -> 0 | BS131: =IF($AO131>0, 1, 0) -> 0 | BT131: =IF($AR131>0, 1, 0) -> 1 | BU131: =IF($AU131>0, 1, 0) -> 1 | BV131: =IF(AX131>0, 1, 0) -> 0
A132: ZONE-R3-Z6E | B132: ROW-R3-Z6E-R1 | C132: 45 | F132: LL-R3-E | G132: AIRZONE-R3-E2 | H132: RACK-R3-Z6E-R1-11 | I132: POD-06 | J132: ="RACKPDU-"&H132&"-A" -> RACKPDU-RACK-R3-Z6E-R1-11-A | K132: ="RACKPDU-"&H132&"-B" -> RACKPDU-RACK-R3-Z6E-R1-11-B | L132: 45 | M132: =VLOOKUP($H132,'Cooling-Rack'!$A$2:$G$265,5,FALSE) -> 38.25 | N132: =VLOOKUP($H132,'Cooling-Rack'!$A$2:$G$265,7,FALSE) -> 6.75 | O132: 54 | P132: 0.85 | Q132: 0.15 | R132: RPP-R3-A3 | S132: RPP-R3-B4 | T132: RPDU-R3-A | U132: RPDU-R3R4-B | V132: UPS-02-A | W132: UPS-02-B | X132: BESS-01 | Y132: SWGR-01 | Z132: SWGR-02 | AA132: UTIL-01 | AB132: UTIL-02 | AC132: GEN-01 | AD132: GEN-02 | AE132: CC-R3 | AF132: BDL-R3 | AG132: BDL-RPDU-R3R4 | AH132: BDL-UPS-02 | AL132: 0 | AM132: =AL132/$L132*$M132 -> 0 | AN132: =AL132/$L132*$N132 -> 0 | AO132: 0 | AP132: =AO132/$L132*$M132 -> 0 | AQ132: =AO132/$L132*$N132 -> 0 | AR132: 30 | AS132: =AR132/$L132*$M132 -> 25.5 | AT132: =AR132/$L132*$N132 -> 4.5 | AU132: 30 | AV132: =AU132/$L132*$M132 -> 25.5 | AW132: =AU132/$L132*$N132 -> 4.5 | BA132: =$L132-$AI132 -> 45 | BB132: =$L132-$AL132 -> 45 | BC132: =$L132-$AO132 -> 45 | BD132: =$L132-$AR132 -> 15 | BE132: =$L132-$AU132 -> 15 | BF132: =$L132-$AX132 -> 45 | BG132: =BA132/$L132 -> 1 | BH132: =BB132/$L132 -> 1 | BI132: =BC132/$L132 -> 1 | BJ132: =BD132/$L132 -> 0.33333333 | BK132: =BE132/$L132 -> 0.33333333 | BL132: =BF132/$L132 -> 1 | BO132: DTC-RACK-R3-Z6E-R1-11 | BP132: =M132/0.9 -> 42.5 | BQ132: =IF($AI132>0, 1, 0) -> 0 | BR132: =IF($AL132>0, 1, 0) -> 0 | BS132: =IF($AO132>0, 1, 0) -> 0 | BT132: =IF($AR132>0, 1, 0) -> 1 | BU132: =IF($AU132>0, 1, 0) -> 1 | BV132: =IF(AX132>0, 1, 0) -> 0
A133: ZONE-R3-Z6E | B133: ROW-R3-Z6E-R1 | C133: 45 | F133: LL-R3-E | G133: AIRZONE-R3-E2 | H133: RACK-R3-Z6E-R1-12 | I133: POD-06 | J133: ="RACKPDU-"&H133&"-A" -> RACKPDU-RACK-R3-Z6E-R1-12-A | K133: ="RACKPDU-"&H133&"-B" -> RACKPDU-RACK-R3-Z6E-R1-12-B | L133: 45 | M133: =VLOOKUP($H133,'Cooling-Rack'!$A$2:$G$265,5,FALSE) -> 38.25 | N133: =VLOOKUP($H133,'Cooling-Rack'!$A$2:$G$265,7,FALSE) -> 6.75 | O133: 54 | P133: 0.85 | Q133: 0.15 | R133: RPP-R3-A4 | S133: RPP-R3-B4 | T133: RPDU-R3-A | U133: RPDU-R3R4-B | V133: UPS-02-A | W133: UPS-02-B | X133: BESS-01 | Y133: SWGR-01 | Z133: SWGR-02 | AA133: UTIL-01 | AB133: UTIL-02 | AC133: GEN-01 | AD133: GEN-02 | AE133: CC-R3 | AF133: BDL-R3 | AG133: BDL-RPDU-R3R4 | AH133: BDL-UPS-02 | AL133: 0 | AM133: =AL133/$L133*$M133 -> 0 | AN133: =AL133/$L133*$N133 -> 0 | AO133: 0 | AP133: =AO133/$L133*$M133 -> 0 | AQ133: =AO133/$L133*$N133 -> 0 | AR133: 30 | AS133: =AR133/$L133*$M133 -> 25.5 | AT133: =AR133/$L133*$N133 -> 4.5 | AU133: 30 | AV133: =AU133/$L133*$M133 -> 25.5 | AW133: =AU133/$L133*$N133 -> 4.5 | BA133: =$L133-$AI133 -> 45 | BB133: =$L133-$AL133 -> 45 | BC133: =$L133-$AO133 -> 45 | BD133: =$L133-$AR133 -> 15 | BE133: =$L133-$AU133 -> 15 | BF133: =$L133-$AX133 -> 45 | BG133: =BA133/$L133 -> 1 | BH133: =BB133/$L133 -> 1 | BI133: =BC133/$L133 -> 1 | BJ133: =BD133/$L133 -> 0.33333333 | BK133: =BE133/$L133 -> 0.33333333 | BL133: =BF133/$L133 -> 1 | BO133: DTC-RACK-R3-Z6E-R1-12 | BP133: =M133/0.9 -> 42.5 | BQ133: =IF($AI133>0, 1, 0) -> 0 | BR133: =IF($AL133>0, 1, 0) -> 0 | BS133: =IF($AO133>0, 1, 0) -> 0 | BT133: =IF($AR133>0, 1, 0) -> 1 | BU133: =IF($AU133>0, 1, 0) -> 1 | BV133: =IF(AX133>0, 1, 0) -> 0
A134: ZONE-R3-Z6E | B134: ROW-R3-Z6E-R2 | C134: 45 | F134: LL-R3-E | G134: AIRZONE-R3-E2 | H134: RACK-R3-Z6E-R2-01 | I134: POD-06 | J134: ="RACKPDU-"&H134&"-A" -> RACKPDU-RACK-R3-Z6E-R2-01-A | K134: ="RACKPDU-"&H134&"-B" -> RACKPDU-RACK-R3-Z6E-R2-01-B | L134: 45 | M134: =VLOOKUP($H134,'Cooling-Rack'!$A$2:$G$265,5,FALSE) -> 38.25 | N134: =VLOOKUP($H134,'Cooling-Rack'!$A$2:$G$265,7,FALSE) -> 6.75 | O134: 54 | P134: 0.85 | Q134: 0.15 | R134: RPP-R3-A3 | S134: RPP-R3-B2 | T134: RPDU-R3-A | U134: RPDU-R3R4-B | V134: UPS-02-A | W134: UPS-02-B | X134: BESS-01 | Y134: SWGR-01 | Z134: SWGR-02 | AA134: UTIL-01 | AB134: UTIL-02 | AC134: GEN-01 | AD134: GEN-02 | AE134: CC-R3 | AF134: BDL-R3 | AG134: BDL-RPDU-R3R4 | AH134: BDL-UPS-02 | AL134: 0 | AM134: =AL134/$L134*$M134 -> 0 | AN134: =AL134/$L134*$N134 -> 0 | AO134: 0 | AP134: =AO134/$L134*$M134 -> 0 | AQ134: =AO134/$L134*$N134 -> 0 | AS134: =AR134/$L134*$M134 -> 0 | AT134: =AR134/$L134*$N134 -> 0 | AU134: 30 | AV134: =AU134/$L134*$M134 -> 25.5 | AW134: =AU134/$L134*$N134 -> 4.5 | BA134: =$L134-$AI134 -> 45 | BB134: =$L134-$AL134 -> 45 | BC134: =$L134-$AO134 -> 45 | BD134: =$L134-$AR134 -> 45 | BE134: =$L134-$AU134 -> 15 | BF134: =$L134-$AX134 -> 45 | BG134: =BA134/$L134 -> 1 | BH134: =BB134/$L134 -> 1 | BI134: =BC134/$L134 -> 1 | BJ134: =BD134/$L134 -> 1 | BK134: =BE134/$L134 -> 0.33333333 | BL134: =BF134/$L134 -> 1 | BO134: DTC-RACK-R3-Z6E-R2-01 | BP134: =M134/0.9 -> 42.5 | BQ134: =IF($AI134>0, 1, 0) -> 0 | BR134: =IF($AL134>0, 1, 0) -> 0 | BS134: =IF($AO134>0, 1, 0) -> 0 | BT134: =IF($AR134>0, 1, 0) -> 0 | BU134: =IF($AU134>0, 1, 0) -> 1 | BV134: =IF(AX134>0, 1, 0) -> 0
A135: ZONE-R3-Z6E | B135: ROW-R3-Z6E-R2 | C135: 45 | F135: LL-R3-E | G135: AIRZONE-R3-E2 | H135: RACK-R3-Z6E-R2-02 | I135: POD-06 | J135: ="RACKPDU-"&H135&"-A" -> RACKPDU-RACK-R3-Z6E-R2-02-A | K135: ="RACKPDU-"&H135&"-B" -> RACKPDU-RACK-R3-Z6E-R2-02-B | L135: 45 | M135: =VLOOKUP($H135,'Cooling-Rack'!$A$2:$G$265,5,FALSE) -> 38.25 | N135: =VLOOKUP($H135,'Cooling-Rack'!$A$2:$G$265,7,FALSE) -> 6.75 | O135: 54 | P135: 0.85 | Q135: 0.15 | R135: RPP-R3-A4 | S135: RPP-R3-B2 | T135: RPDU-R3-A | U135: RPDU-R3R4-B | V135: UPS-02-A | W135: UPS-02-B | X135: BESS-01 | Y135: SWGR-01 | Z135: SWGR-02 | AA135: UTIL-01 | AB135: UTIL-02 | AC135: GEN-01 | AD135: GEN-02 | AE135: CC-R3 | AF135: BDL-R3 | AG135: BDL-RPDU-R3R4 | AH135: BDL-UPS-02 | AL135: 0 | AM135: =AL135/$L135*$M135 -> 0 | AN135: =AL135/$L135*$N135 -> 0 | AO135: 0 | AP135: =AO135/$L135*$M135 -> 0 | AQ135: =AO135/$L135*$N135 -> 0 | AS135: =AR135/$L135*$M135 -> 0 | AT135: =AR135/$L135*$N135 -> 0 | AU135: 30 | AV135: =AU135/$L135*$M135 -> 25.5 | AW135: =AU135/$L135*$N135 -> 4.5 | BA135: =$L135-$AI135 -> 45 | BB135: =$L135-$AL135 -> 45 | BC135: =$L135-$AO135 -> 45 | BD135: =$L135-$AR135 -> 45 | BE135: =$L135-$AU135 -> 15 | BF135: =$L135-$AX135 -> 45 | BG135: =BA135/$L135 -> 1 | BH135: =BB135/$L135 -> 1 | BI135: =BC135/$L135 -> 1 | BJ135: =BD135/$L135 -> 1 | BK135: =BE135/$L135 -> 0.33333333 | BL135: =BF135/$L135 -> 1 | BO135: DTC-RACK-R3-Z6E-R2-02 | BP135: =M135/0.9 -> 42.5 | BQ135: =IF($AI135>0, 1, 0) -> 0 | BR135: =IF($AL135>0, 1, 0) -> 0 | BS135: =IF($AO135>0, 1, 0) -> 0 | BT135: =IF($AR135>0, 1, 0) -> 0 | BU135: =IF($AU135>0, 1, 0) -> 1 | BV135: =IF(AX135>0, 1, 0) -> 0
A136: ZONE-R3-Z6E | B136: ROW-R3-Z6E-R2 | C136: 45 | F136: LL-R3-E | G136: AIRZONE-R3-E2 | H136: RACK-R3-Z6E-R2-03 | I136: POD-06 | J136: ="RACKPDU-"&H136&"-A" -> RACKPDU-RACK-R3-Z6E-R2-03-A | K136: ="RACKPDU-"&H136&"-B" -> RACKPDU-RACK-R3-Z6E-R2-03-B | L136: 45 | M136: =VLOOKUP($H136,'Cooling-Rack'!$A$2:$G$265,5,FALSE) -> 38.25 | N136: =VLOOKUP($H136,'Cooling-Rack'!$A$2:$G$265,7,FALSE) -> 6.75 | O136: 54 | P136: 0.85 | Q136: 0.15 | R136: RPP-R3-A3 | S136: RPP-R3-B2 | T136: RPDU-R3-A | U136: RPDU-R3R4-B | V136: UPS-02-A | W136: UPS-02-B | X136: BESS-01 | Y136: SWGR-01 | Z136: SWGR-02 | AA136: UTIL-01 | AB136: UTIL-02 | AC136: GEN-01 | AD136: GEN-02 | AE136: CC-R3 | AF136: BDL-R3 | AG136: BDL-RPDU-R3R4 | AH136: BDL-UPS-02 | AL136: 0 | AM136: =AL136/$L136*$M136 -> 0 | AN136: =AL136/$L136*$N136 -> 0 | AO136: 0 | AP136: =AO136/$L136*$M136 -> 0 | AQ136: =AO136/$L136*$N136 -> 0 | AS136: =AR136/$L136*$M136 -> 0 | AT136: =AR136/$L136*$N136 -> 0 | AU136: 30 | AV136: =AU136/$L136*$M136 -> 25.5 | AW136: =AU136/$L136*$N136 -> 4.5 | BA136: =$L136-$AI136 -> 45 | BB136: =$L136-$AL136 -> 45 | BC136: =$L136-$AO136 -> 45 | BD136: =$L136-$AR136 -> 45 | BE136: =$L136-$AU136 -> 15 | BF136: =$L136-$AX136 -> 45 | BG136: =BA136/$L136 -> 1 | BH136: =BB136/$L136 -> 1 | BI136: =BC136/$L136 -> 1 | BJ136: =BD136/$L136 -> 1 | BK136: =BE136/$L136 -> 0.33333333 | BL136: =BF136/$L136 -> 1 | BO136: DTC-RACK-R3-Z6E-R2-03 | BP136: =M136/0.9 -> 42.5 | BQ136: =IF($AI136>0, 1, 0) -> 0 | BR136: =IF($AL136>0, 1, 0) -> 0 | BS136: =IF($AO136>0, 1, 0) -> 0 | BT136: =IF($AR136>0, 1, 0) -> 0 | BU136: =IF($AU136>0, 1, 0) -> 1 | BV136: =IF(AX136>0, 1, 0) -> 0
A137: ZONE-R3-Z6E | B137: ROW-R3-Z6E-R2 | C137: 45 | F137: LL-R3-E | G137: AIRZONE-R3-E2 | H137: RACK-R3-Z6E-R2-04 | I137: POD-06 | J137: ="RACKPDU-"&H137&"-A" -> RACKPDU-RACK-R3-Z6E-R2-04-A | K137: ="RACKPDU-"&H137&"-B" -> RACKPDU-RACK-R3-Z6E-R2-04-B | L137: 45 | M137: =VLOOKUP($H137,'Cooling-Rack'!$A$2:$G$265,5,FALSE) -> 38.25 | N137: =VLOOKUP($H137,'Cooling-Rack'!$A$2:$G$265,7,FALSE) -> 6.75 | O137: 54 | P137: 0.85 | Q137: 0.15 | R137: RPP-R3-A4 | S137: RPP-R3-B2 | T137: RPDU-R3-A | U137: RPDU-R3R4-B | V137: UPS-02-A | W137: UPS-02-B | X137: BESS-01 | Y137: SWGR-01 | Z137: SWGR-02 | AA137: UTIL-01 | AB137: UTIL-02 | AC137: GEN-01 | AD137: GEN-02 | AE137: CC-R3 | AF137: BDL-R3 | AG137: BDL-RPDU-R3R4 | AH137: BDL-UPS-02 | AL137: 0 | AM137: =AL137/$L137*$M137 -> 0 | AN137: =AL137/$L137*$N137 -> 0 | AO137: 0 | AP137: =AO137/$L137*$M137 -> 0 | AQ137: =AO137/$L137*$N137 -> 0 | AS137: =AR137/$L137*$M137 -> 0 | AT137: =AR137/$L137*$N137 -> 0 | AU137: 30 | AV137: =AU137/$L137*$M137 -> 25.5 | AW137: =AU137/$L137*$N137 -> 4.5 | BA137: =$L137-$AI137 -> 45 | BB137: =$L137-$AL137 -> 45 | BC137: =$L137-$AO137 -> 45 | BD137: =$L137-$AR137 -> 45 | BE137: =$L137-$AU137 -> 15 | BF137: =$L137-$AX137 -> 45 | BG137: =BA137/$L137 -> 1 | BH137: =BB137/$L137 -> 1 | BI137: =BC137/$L137 -> 1 | BJ137: =BD137/$L137 -> 1 | BK137: =BE137/$L137 -> 0.33333333 | BL137: =BF137/$L137 -> 1 | BO137: DTC-RACK-R3-Z6E-R2-04 | BP137: =M137/0.9 -> 42.5 | BQ137: =IF($AI137>0, 1, 0) -> 0 | BR137: =IF($AL137>0, 1, 0) -> 0 | BS137: =IF($AO137>0, 1, 0) -> 0 | BT137: =IF($AR137>0, 1, 0) -> 0 | BU137: =IF($AU137>0, 1, 0) -> 1 | BV137: =IF(AX137>0, 1, 0) -> 0
A138: ZONE-R3-Z6E | B138: ROW-R3-Z6E-R2 | C138: 45 | F138: LL-R3-E | G138: AIRZONE-R3-E2 | H138: RACK-R3-Z6E-R2-05 | I138: POD-06 | J138: ="RACKPDU-"&H138&"-A" -> RACKPDU-RACK-R3-Z6E-R2-05-A | K138: ="RACKPDU-"&H138&"-B" -> RACKPDU-RACK-R3-Z6E-R2-05-B | L138: 45 | M138: =VLOOKUP($H138,'Cooling-Rack'!$A$2:$G$265,5,FALSE) -> 38.25 | N138: =VLOOKUP($H138,'Cooling-Rack'!$A$2:$G$265,7,FALSE) -> 6.75 | O138: 54 | P138: 0.85 | Q138: 0.15 | R138: RPP-R3-A3 | S138: RPP-R3-B2 | T138: RPDU-R3-A | U138: RPDU-R3R4-B | V138: UPS-02-A | W138: UPS-02-B | X138: BESS-01 | Y138: SWGR-01 | Z138: SWGR-02 | AA138: UTIL-01 | AB138: UTIL-02 | AC138: GEN-01 | AD138: GEN-02 | AE138: CC-R3 | AF138: BDL-R3 | AG138: BDL-RPDU-R3R4 | AH138: BDL-UPS-02 | AL138: 0 | AM138: =AL138/$L138*$M138 -> 0 | AN138: =AL138/$L138*$N138 -> 0 | AO138: 0 | AP138: =AO138/$L138*$M138 -> 0 | AQ138: =AO138/$L138*$N138 -> 0 | AS138: =AR138/$L138*$M138 -> 0 | AT138: =AR138/$L138*$N138 -> 0 | BA138: =$L138-$AI138 -> 45 | BB138: =$L138-$AL138 -> 45 | BC138: =$L138-$AO138 -> 45 | BD138: =$L138-$AR138 -> 45 | BE138: =$L138-$AU138 -> 45 | BF138: =$L138-$AX138 -> 45 | BG138: =BA138/$L138 -> 1 | BH138: =BB138/$L138 -> 1 | BI138: =BC138/$L138 -> 1 | BJ138: =BD138/$L138 -> 1 | BK138: =BE138/$L138 -> 1 | BL138: =BF138/$L138 -> 1 | BO138: DTC-RACK-R3-Z6E-R2-05 | BP138: =M138/0.9 -> 42.5 | BQ138: =IF($AI138>0, 1, 0) -> 0 | BR138: =IF($AL138>0, 1, 0) -> 0 | BS138: =IF($AO138>0, 1, 0) -> 0 | BT138: =IF($AR138>0, 1, 0) -> 0 | BU138: =IF($AU138>0, 1, 0) -> 0 | BV138: =IF(AX138>0, 1, 0) -> 0
A139: ZONE-R3-Z6E | B139: ROW-R3-Z6E-R2 | C139: 45 | F139: LL-R3-E | G139: AIRZONE-R3-E2 | H139: RACK-R3-Z6E-R2-06 | I139: POD-06 | J139: ="RACKPDU-"&H139&"-A" -> RACKPDU-RACK-R3-Z6E-R2-06-A | K139: ="RACKPDU-"&H139&"-B" -> RACKPDU-RACK-R3-Z6E-R2-06-B | L139: 45 | M139: =VLOOKUP($H139,'Cooling-Rack'!$A$2:$G$265,5,FALSE) -> 38.25 | N139: =VLOOKUP($H139,'Cooling-Rack'!$A$2:$G$265,7,FALSE) -> 6.75 | O139: 54 | P139: 0.85 | Q139: 0.15 | R139: RPP-R3-A4 | S139: RPP-R3-B2 | T139: RPDU-R3-A | U139: RPDU-R3R4-B | V139: UPS-02-A | W139: UPS-02-B | X139: BESS-01 | Y139: SWGR-01 | Z139: SWGR-02 | AA139: UTIL-01 | AB139: UTIL-02 | AC139: GEN-01 | AD139: GEN-02 | AE139: CC-R3 | AF139: BDL-R3 | AG139: BDL-RPDU-R3R4 | AH139: BDL-UPS-02 | AL139: 0 | AM139: =AL139/$L139*$M139 -> 0 | AN139: =AL139/$L139*$N139 -> 0 | AO139: 0 | AP139: =AO139/$L139*$M139 -> 0 | AQ139: =AO139/$L139*$N139 -> 0 | AS139: =AR139/$L139*$M139 -> 0 | AT139: =AR139/$L139*$N139 -> 0 | BA139: =$L139-$AI139 -> 45 | BB139: =$L139-$AL139 -> 45 | BC139: =$L139-$AO139 -> 45 | BD139: =$L139-$AR139 -> 45 | BE139: =$L139-$AU139 -> 45 | BF139: =$L139-$AX139 -> 45 | BG139: =BA139/$L139 -> 1 | BH139: =BB139/$L139 -> 1 | BI139: =BC139/$L139 -> 1 | BJ139: =BD139/$L139 -> 1 | BK139: =BE139/$L139 -> 1 | BL139: =BF139/$L139 -> 1 | BO139: DTC-RACK-R3-Z6E-R2-06 | BP139: =M139/0.9 -> 42.5 | BQ139: =IF($AI139>0, 1, 0) -> 0 | BR139: =IF($AL139>0, 1, 0) -> 0 | BS139: =IF($AO139>0, 1, 0) -> 0 | BT139: =IF($AR139>0, 1, 0) -> 0 | BU139: =IF($AU139>0, 1, 0) -> 0 | BV139: =IF(AX139>0, 1, 0) -> 0
A140: ZONE-R3-Z6E | B140: ROW-R3-Z6E-R2 | C140: 45 | F140: LL-R3-E | G140: AIRZONE-R3-E2 | H140: RACK-R3-Z6E-R2-07 | I140: POD-06 | J140: ="RACKPDU-"&H140&"-A" -> RACKPDU-RACK-R3-Z6E-R2-07-A | K140: ="RACKPDU-"&H140&"-B" -> RACKPDU-RACK-R3-Z6E-R2-07-B | L140: 45 | M140: =VLOOKUP($H140,'Cooling-Rack'!$A$2:$G$265,5,FALSE) -> 38.25 | N140: =VLOOKUP($H140,'Cooling-Rack'!$A$2:$G$265,7,FALSE) -> 6.75 | O140: 54 | P140: 0.85 | Q140: 0.15 | R140: RPP-R3-A3 | S140: RPP-R3-B4 | T140: RPDU-R3-A | U140: RPDU-R3R4-B | V140: UPS-02-A | W140: UPS-02-B | X140: BESS-01 | Y140: SWGR-01 | Z140: SWGR-02 | AA140: UTIL-01 | AB140: UTIL-02 | AC140: GEN-01 | AD140: GEN-02 | AE140: CC-R3 | AF140: BDL-R3 | AG140: BDL-RPDU-R3R4 | AH140: BDL-UPS-02 | AL140: 0 | AM140: =AL140/$L140*$M140 -> 0 | AN140: =AL140/$L140*$N140 -> 0 | AO140: 0 | AP140: =AO140/$L140*$M140 -> 0 | AQ140: =AO140/$L140*$N140 -> 0 | AS140: =AR140/$L140*$M140 -> 0 | AT140: =AR140/$L140*$N140 -> 0 | BA140: =$L140-$AI140 -> 45 | BB140: =$L140-$AL140 -> 45 | BC140: =$L140-$AO140 -> 45 | BD140: =$L140-$AR140 -> 45 | BE140: =$L140-$AU140 -> 45 | BF140: =$L140-$AX140 -> 45 | BG140: =BA140/$L140 -> 1 | BH140: =BB140/$L140 -> 1 | BI140: =BC140/$L140 -> 1 | BJ140: =BD140/$L140 -> 1 | BK140: =BE140/$L140 -> 1 | BL140: =BF140/$L140 -> 1 | BO140: DTC-RACK-R3-Z6E-R2-07 | BP140: =M140/0.9 -> 42.5 | BQ140: =IF($AI140>0, 1, 0) -> 0 | BR140: =IF($AL140>0, 1, 0) -> 0 | BS140: =IF($AO140>0, 1, 0) -> 0 | BT140: =IF($AR140>0, 1, 0) -> 0 | BU140: =IF($AU140>0, 1, 0) -> 0 | BV140: =IF(AX140>0, 1, 0) -> 0
A141: ZONE-R3-Z6E | B141: ROW-R3-Z6E-R2 | C141: 45 | F141: LL-R3-E | G141: AIRZONE-R3-E2 | H141: RACK-R3-Z6E-R2-08 | I141: POD-06 | J141: ="RACKPDU-"&H141&"-A" -> RACKPDU-RACK-R3-Z6E-R2-08-A | K141: ="RACKPDU-"&H141&"-B" -> RACKPDU-RACK-R3-Z6E-R2-08-B | L141: 45 | M141: =VLOOKUP($H141,'Cooling-Rack'!$A$2:$G$265,5,FALSE) -> 38.25 | N141: =VLOOKUP($H141,'Cooling-Rack'!$A$2:$G$265,7,FALSE) -> 6.75 | O141: 54 | P141: 0.85 | Q141: 0.15 | R141: RPP-R3-A4 | S141: RPP-R3-B4 | T141: RPDU-R3-A | U141: RPDU-R3R4-B | V141: UPS-02-A | W141: UPS-02-B | X141: BESS-01 | Y141: SWGR-01 | Z141: SWGR-02 | AA141: UTIL-01 | AB141: UTIL-02 | AC141: GEN-01 | AD141: GEN-02 | AE141: CC-R3 | AF141: BDL-R3 | AG141: BDL-RPDU-R3R4 | AH141: BDL-UPS-02 | AL141: 0 | AM141: =AL141/$L141*$M141 -> 0 | AN141: =AL141/$L141*$N141 -> 0 | AO141: 0 | AP141: =AO141/$L141*$M141 -> 0 | AQ141: =AO141/$L141*$N141 -> 0 | AS141: =AR141/$L141*$M141 -> 0 | AT141: =AR141/$L141*$N141 -> 0 | BA141: =$L141-$AI141 -> 45 | BB141: =$L141-$AL141 -> 45 | BC141: =$L141-$AO141 -> 45 | BD141: =$L141-$AR141 -> 45 | BE141: =$L141-$AU141 -> 45 | BF141: =$L141-$AX141 -> 45 | BG141: =BA141/$L141 -> 1 | BH141: =BB141/$L141 -> 1 | BI141: =BC141/$L141 -> 1 | BJ141: =BD141/$L141 -> 1 | BK141: =BE141/$L141 -> 1 | BL141: =BF141/$L141 -> 1 | BO141: DTC-RACK-R3-Z6E-R2-08 | BP141: =M141/0.9 -> 42.5 | BQ141: =IF($AI141>0, 1, 0) -> 0 | BR141: =IF($AL141>0, 1, 0) -> 0 | BS141: =IF($AO141>0, 1, 0) -> 0 | BT141: =IF($AR141>0, 1, 0) -> 0 | BU141: =IF($AU141>0, 1, 0) -> 0 | BV141: =IF(AX141>0, 1, 0) -> 0
A142: ZONE-R3-Z6E | B142: ROW-R3-Z6E-R2 | C142: 45 | F142: LL-R3-E | G142: AIRZONE-R3-E2 | H142: RACK-R3-Z6E-R2-09 | I142: POD-06 | J142: ="RACKPDU-"&H142&"-A" -> RACKPDU-RACK-R3-Z6E-R2-09-A | K142: ="RACKPDU-"&H142&"-B" -> RACKPDU-RACK-R3-Z6E-R2-09-B | L142: 45 | M142: =VLOOKUP($H142,'Cooling-Rack'!$A$2:$G$265,5,FALSE) -> 38.25 | N142: =VLOOKUP($H142,'Cooling-Rack'!$A$2:$G$265,7,FALSE) -> 6.75 | O142: 54 | P142: 0.85 | Q142: 0.15 | R142: RPP-R3-A3 | S142: RPP-R3-B4 | T142: RPDU-R3-A | U142: RPDU-R3R4-B | V142: UPS-02-A | W142: UPS-02-B | X142: BESS-01 | Y142: SWGR-01 | Z142: SWGR-02 | AA142: UTIL-01 | AB142: UTIL-02 | AC142: GEN-01 | AD142: GEN-02 | AE142: CC-R3 | AF142: BDL-R3 | AG142: BDL-RPDU-R3R4 | AH142: BDL-UPS-02 | AL142: 0 | AM142: =AL142/$L142*$M142 -> 0 | AN142: =AL142/$L142*$N142 -> 0 | AO142: 0 | AP142: =AO142/$L142*$M142 -> 0 | AQ142: =AO142/$L142*$N142 -> 0 | AS142: =AR142/$L142*$M142 -> 0 | AT142: =AR142/$L142*$N142 -> 0 | BA142: =$L142-$AI142 -> 45 | BB142: =$L142-$AL142 -> 45 | BC142: =$L142-$AO142 -> 45 | BD142: =$L142-$AR142 -> 45 | BE142: =$L142-$AU142 -> 45 | BF142: =$L142-$AX142 -> 45 | BG142: =BA142/$L142 -> 1 | BH142: =BB142/$L142 -> 1 | BI142: =BC142/$L142 -> 1 | BJ142: =BD142/$L142 -> 1 | BK142: =BE142/$L142 -> 1 | BL142: =BF142/$L142 -> 1 | BO142: DTC-RACK-R3-Z6E-R2-09 | BP142: =M142/0.9 -> 42.5 | BQ142: =IF($AI142>0, 1, 0) -> 0 | BR142: =IF($AL142>0, 1, 0) -> 0 | BS142: =IF($AO142>0, 1, 0) -> 0 | BT142: =IF($AR142>0, 1, 0) -> 0 | BU142: =IF($AU142>0, 1, 0) -> 0 | BV142: =IF(AX142>0, 1, 0) -> 0
A143: ZONE-R3-Z6E | B143: ROW-R3-Z6E-R2 | C143: 45 | F143: LL-R3-E | G143: AIRZONE-R3-E2 | H143: RACK-R3-Z6E-R2-10 | I143: POD-06 | J143: ="RACKPDU-"&H143&"-A" -> RACKPDU-RACK-R3-Z6E-R2-10-A | K143: ="RACKPDU-"&H143&"-B" -> RACKPDU-RACK-R3-Z6E-R2-10-B | L143: 45 | M143: =VLOOKUP($H143,'Cooling-Rack'!$A$2:$G$265,5,FALSE) -> 38.25 | N143: =VLOOKUP($H143,'Cooling-Rack'!$A$2:$G$265,7,FALSE) -> 6.75 | O143: 54 | P143: 0.85 | Q143: 0.15 | R143: RPP-R3-A4 | S143: RPP-R3-B4 | T143: RPDU-R3-A | U143: RPDU-R3R4-B | V143: UPS-02-A | W143: UPS-02-B | X143: BESS-01 | Y143: SWGR-01 | Z143: SWGR-02 | AA143: UTIL-01 | AB143: UTIL-02 | AC143: GEN-01 | AD143: GEN-02 | AE143: CC-R3 | AF143: BDL-R3 | AG143: BDL-RPDU-R3R4 | AH143: BDL-UPS-02 | AL143: 0 | AM143: =AL143/$L143*$M143 -> 0 | AN143: =AL143/$L143*$N143 -> 0 | AO143: 0 | AP143: =AO143/$L143*$M143 -> 0 | AQ143: =AO143/$L143*$N143 -> 0 | AS143: =AR143/$L143*$M143 -> 0 | AT143: =AR143/$L143*$N143 -> 0 | BA143: =$L143-$AI143 -> 45 | BB143: =$L143-$AL143 -> 45 | BC143: =$L143-$AO143 -> 45 | BD143: =$L143-$AR143 -> 45 | BE143: =$L143-$AU143 -> 45 | BF143: =$L143-$AX143 -> 45 | BG143: =BA143/$L143 -> 1 | BH143: =BB143/$L143 -> 1 | BI143: =BC143/$L143 -> 1 | BJ143: =BD143/$L143 -> 1 | BK143: =BE143/$L143 -> 1 | BL143: =BF143/$L143 -> 1 | BO143: DTC-RACK-R3-Z6E-R2-10 | BP143: =M143/0.9 -> 42.5 | BQ143: =IF($AI143>0, 1, 0) -> 0 | BR143: =IF($AL143>0, 1, 0) -> 0 | BS143: =IF($AO143>0, 1, 0) -> 0 | BT143: =IF($AR143>0, 1, 0) -> 0 | BU143: =IF($AU143>0, 1, 0) -> 0 | BV143: =IF(AX143>0, 1, 0) -> 0
A144: ZONE-R3-Z6E | B144: ROW-R3-Z6E-R2 | C144: 45 | F144: LL-R3-E | G144: AIRZONE-R3-E2 | H144: RACK-R3-Z6E-R2-11 | I144: POD-06 | J144: ="RACKPDU-"&H144&"-A" -> RACKPDU-RACK-R3-Z6E-R2-11-A | K144: ="RACKPDU-"&H144&"-B" -> RACKPDU-RACK-R3-Z6E-R2-11-B | L144: 45 | M144: =VLOOKUP($H144,'Cooling-Rack'!$A$2:$G$265,5,FALSE) -> 38.25 | N144: =VLOOKUP($H144,'Cooling-Rack'!$A$2:$G$265,7,FALSE) -> 6.75 | O144: 54 | P144: 0.85 | Q144: 0.15 | R144: RPP-R3-A3 | S144: RPP-R3-B4 | T144: RPDU-R3-A | U144: RPDU-R3R4-B | V144: UPS-02-A | W144: UPS-02-B | X144: BESS-01 | Y144: SWGR-01 | Z144: SWGR-02 | AA144: UTIL-01 | AB144: UTIL-02 | AC144: GEN-01 | AD144: GEN-02 | AE144: CC-R3 | AF144: BDL-R3 | AG144: BDL-RPDU-R3R4 | AH144: BDL-UPS-02 | AL144: 0 | AM144: =AL144/$L144*$M144 -> 0 | AN144: =AL144/$L144*$N144 -> 0 | AO144: 0 | AP144: =AO144/$L144*$M144 -> 0 | AQ144: =AO144/$L144*$N144 -> 0 | AS144: =AR144/$L144*$M144 -> 0 | AT144: =AR144/$L144*$N144 -> 0 | BA144: =$L144-$AI144 -> 45 | BB144: =$L144-$AL144 -> 45 | BC144: =$L144-$AO144 -> 45 | BD144: =$L144-$AR144 -> 45 | BE144: =$L144-$AU144 -> 45 | BF144: =$L144-$AX144 -> 45 | BG144: =BA144/$L144 -> 1 | BH144: =BB144/$L144 -> 1 | BI144: =BC144/$L144 -> 1 | BJ144: =BD144/$L144 -> 1 | BK144: =BE144/$L144 -> 1 | BL144: =BF144/$L144 -> 1 | BO144: DTC-RACK-R3-Z6E-R2-11 | BP144: =M144/0.9 -> 42.5 | BQ144: =IF($AI144>0, 1, 0) -> 0 | BR144: =IF($AL144>0, 1, 0) -> 0 | BS144: =IF($AO144>0, 1, 0) -> 0 | BT144: =IF($AR144>0, 1, 0) -> 0 | BU144: =IF($AU144>0, 1, 0) -> 0 | BV144: =IF(AX144>0, 1, 0) -> 0
A145: ZONE-R3-Z6E | B145: ROW-R3-Z6E-R2 | C145: 45 | F145: LL-R3-E | G145: AIRZONE-R3-E2 | H145: RACK-R3-Z6E-R2-12 | I145: POD-06 | J145: ="RACKPDU-"&H145&"-A" -> RACKPDU-RACK-R3-Z6E-R2-12-A | K145: ="RACKPDU-"&H145&"-B" -> RACKPDU-RACK-R3-Z6E-R2-12-B | L145: 45 | M145: =VLOOKUP($H145,'Cooling-Rack'!$A$2:$G$265,5,FALSE) -> 38.25 | N145: =VLOOKUP($H145,'Cooling-Rack'!$A$2:$G$265,7,FALSE) -> 6.75 | O145: 54 | P145: 0.85 | Q145: 0.15 | R145: RPP-R3-A4 | S145: RPP-R3-B4 | T145: RPDU-R3-A | U145: RPDU-R3R4-B | V145: UPS-02-A | W145: UPS-02-B | X145: BESS-01 | Y145: SWGR-01 | Z145: SWGR-02 | AA145: UTIL-01 | AB145: UTIL-02 | AC145: GEN-01 | AD145: GEN-02 | AE145: CC-R3 | AF145: BDL-R3 | AG145: BDL-RPDU-R3R4 | AH145: BDL-UPS-02 | AL145: 0 | AM145: =AL145/$L145*$M145 -> 0 | AN145: =AL145/$L145*$N145 -> 0 | AO145: 0 | AP145: =AO145/$L145*$M145 -> 0 | AQ145: =AO145/$L145*$N145 -> 0 | AS145: =AR145/$L145*$M145 -> 0 | AT145: =AR145/$L145*$N145 -> 0 | BA145: =$L145-$AI145 -> 45 | BB145: =$L145-$AL145 -> 45 | BC145: =$L145-$AO145 -> 45 | BD145: =$L145-$AR145 -> 45 | BE145: =$L145-$AU145 -> 45 | BF145: =$L145-$AX145 -> 45 | BG145: =BA145/$L145 -> 1 | BH145: =BB145/$L145 -> 1 | BI145: =BC145/$L145 -> 1 | BJ145: =BD145/$L145 -> 1 | BK145: =BE145/$L145 -> 1 | BL145: =BF145/$L145 -> 1 | BO145: DTC-RACK-R3-Z6E-R2-12 | BP145: =M145/0.9 -> 42.5 | BQ145: =IF($AI145>0, 1, 0) -> 0 | BR145: =IF($AL145>0, 1, 0) -> 0 | BS145: =IF($AO145>0, 1, 0) -> 0 | BT145: =IF($AR145>0, 1, 0) -> 0 | BU145: =IF($AU145>0, 1, 0) -> 0 | BV145: =IF(AX145>0, 1, 0) -> 0
A146: ZONE-R4-Z1 | B146: ROW-R4-Z1-R1 | C146: 20 | F146: LL-R4 | G146: AIRZONE-R4 | H146: RACK-R4-Z1-R1-01 | I146: POD-07 | J146: ="RACKPDU-"&H146&"-A" -> RACKPDU-RACK-R4-Z1-R1-01-A | K146: ="RACKPDU-"&H146&"-B" -> RACKPDU-RACK-R4-Z1-R1-01-B | L146: 20 | M146: =VLOOKUP($H146,'Cooling-Rack'!$A$2:$G$265,5,FALSE) -> 14 | N146: =VLOOKUP($H146,'Cooling-Rack'!$A$2:$G$265,7,FALSE) -> 6 | O146: =INT(L146/0.8+0.5) -> 25 | P146: 0.7 | Q146: 0.3 | R146: RPP-R4-A5 | S146: RPP-R4-B5 | T146: RPDU-R4-A | U146: RPDU-R3R4-B | V146: UPS-02-A | W146: UPS-02-B | X146: BESS-01 | Y146: SWGR-01 | Z146: SWGR-02 | AA146: UTIL-01 | AB146: UTIL-02 | AC146: GEN-01 | AD146: GEN-02 | AE146: CC-R4 | AF146: BDL-R4 | AG146: BDL-RPDU-R3R4 | AH146: BDL-UPS-02 | AL146: 0 | AM146: =AL146/$L146*$M146 -> 0 | AN146: =AL146/$L146*$N146 -> 0 | AO146: 0 | AP146: =AO146/$L146*$M146 -> 0 | AQ146: =AO146/$L146*$N146 -> 0 | AS146: =AR146/$L146*$M146 -> 0 | AT146: =AR146/$L146*$N146 -> 0 | BA146: =$L146-$AI146 -> 20 | BB146: =$L146-$AL146 -> 20 | BC146: =$L146-$AO146 -> 20 | BD146: =$L146-$AR146 -> 20 | BE146: =$L146-$AU146 -> 20 | BF146: =$L146-$AX146 -> 20 | BG146: =BA146/$L146 -> 1 | BH146: =BB146/$L146 -> 1 | BI146: =BC146/$L146 -> 1 | BJ146: =BD146/$L146 -> 1 | BK146: =BE146/$L146 -> 1 | BL146: =BF146/$L146 -> 1 | BO146: DTC-RACK-R4-Z1-R1-01 | BP146: =M146/0.9 -> 15.555556 | BQ146: =IF($AI146>0, 1, 0) -> 0 | BR146: =IF($AL146>0, 1, 0) -> 0 | BS146: =IF($AO146>0, 1, 0) -> 0 | BT146: =IF($AR146>0, 1, 0) -> 0 | BU146: =IF($AU146>0, 1, 0) -> 0 | BV146: =IF(AX146>0, 1, 0) -> 0
A147: ZONE-R4-Z1 | B147: ROW-R4-Z1-R1 | C147: 20 | F147: LL-R4 | G147: AIRZONE-R4 | H147: RACK-R4-Z1-R1-02 | I147: POD-07 | J147: ="RACKPDU-"&H147&"-A" -> RACKPDU-RACK-R4-Z1-R1-02-A | K147: ="RACKPDU-"&H147&"-B" -> RACKPDU-RACK-R4-Z1-R1-02-B | L147: 20 | M147: =VLOOKUP($H147,'Cooling-Rack'!$A$2:$G$265,5,FALSE) -> 14 | N147: =VLOOKUP($H147,'Cooling-Rack'!$A$2:$G$265,7,FALSE) -> 6 | O147: =INT(L147/0.8+0.5) -> 25 | P147: 0.7 | Q147: 0.3 | R147: RPP-R4-A6 | S147: RPP-R4-B6 | T147: RPDU-R4-A | U147: RPDU-R3R4-B | V147: UPS-02-A | W147: UPS-02-B | X147: BESS-01 | Y147: SWGR-01 | Z147: SWGR-02 | AA147: UTIL-01 | AB147: UTIL-02 | AC147: GEN-01 | AD147: GEN-02 | AE147: CC-R4 | AF147: BDL-R4 | AG147: BDL-RPDU-R3R4 | AH147: BDL-UPS-02 | AL147: 0 | AM147: =AL147/$L147*$M147 -> 0 | AN147: =AL147/$L147*$N147 -> 0 | AO147: 0 | AP147: =AO147/$L147*$M147 -> 0 | AQ147: =AO147/$L147*$N147 -> 0 | AS147: =AR147/$L147*$M147 -> 0 | AT147: =AR147/$L147*$N147 -> 0 | BA147: =$L147-$AI147 -> 20 | BB147: =$L147-$AL147 -> 20 | BC147: =$L147-$AO147 -> 20 | BD147: =$L147-$AR147 -> 20 | BE147: =$L147-$AU147 -> 20 | BF147: =$L147-$AX147 -> 20 | BG147: =BA147/$L147 -> 1 | BH147: =BB147/$L147 -> 1 | BI147: =BC147/$L147 -> 1 | BJ147: =BD147/$L147 -> 1 | BK147: =BE147/$L147 -> 1 | BL147: =BF147/$L147 -> 1 | BO147: DTC-RACK-R4-Z1-R1-02 | BP147: =M147/0.9 -> 15.555556 | BQ147: =IF($AI147>0, 1, 0) -> 0 | BR147: =IF($AL147>0, 1, 0) -> 0 | BS147: =IF($AO147>0, 1, 0) -> 0 | BT147: =IF($AR147>0, 1, 0) -> 0 | BU147: =IF($AU147>0, 1, 0) -> 0 | BV147: =IF(AX147>0, 1, 0) -> 0
A148: ZONE-R4-Z1 | B148: ROW-R4-Z1-R1 | C148: 20 | F148: LL-R4 | G148: AIRZONE-R4 | H148: RACK-R4-Z1-R1-03 | I148: POD-07 | J148: ="RACKPDU-"&H148&"-A" -> RACKPDU-RACK-R4-Z1-R1-03-A | K148: ="RACKPDU-"&H148&"-B" -> RACKPDU-RACK-R4-Z1-R1-03-B | L148: 20 | M148: =VLOOKUP($H148,'Cooling-Rack'!$A$2:$G$265,5,FALSE) -> 14 | N148: =VLOOKUP($H148,'Cooling-Rack'!$A$2:$G$265,7,FALSE) -> 6 | O148: =INT(L148/0.8+0.5) -> 25 | P148: 0.7 | Q148: 0.3 | R148: RPP-R4-A5 | S148: RPP-R4-B5 | T148: RPDU-R4-A | U148: RPDU-R3R4-B | V148: UPS-02-A | W148: UPS-02-B | X148: BESS-01 | Y148: SWGR-01 | Z148: SWGR-02 | AA148: UTIL-01 | AB148: UTIL-02 | AC148: GEN-01 | AD148: GEN-02 | AE148: CC-R4 | AF148: BDL-R4 | AG148: BDL-RPDU-R3R4 | AH148: BDL-UPS-02 | AL148: 0 | AM148: =AL148/$L148*$M148 -> 0 | AN148: =AL148/$L148*$N148 -> 0 | AO148: 0 | AP148: =AO148/$L148*$M148 -> 0 | AQ148: =AO148/$L148*$N148 -> 0 | AS148: =AR148/$L148*$M148 -> 0 | AT148: =AR148/$L148*$N148 -> 0 | BA148: =$L148-$AI148 -> 20 | BB148: =$L148-$AL148 -> 20 | BC148: =$L148-$AO148 -> 20 | BD148: =$L148-$AR148 -> 20 | BE148: =$L148-$AU148 -> 20 | BF148: =$L148-$AX148 -> 20 | BG148: =BA148/$L148 -> 1 | BH148: =BB148/$L148 -> 1 | BI148: =BC148/$L148 -> 1 | BJ148: =BD148/$L148 -> 1 | BK148: =BE148/$L148 -> 1 | BL148: =BF148/$L148 -> 1 | BO148: DTC-RACK-R4-Z1-R1-03 | BP148: =M148/0.9 -> 15.555556 | BQ148: =IF($AI148>0, 1, 0) -> 0 | BR148: =IF($AL148>0, 1, 0) -> 0 | BS148: =IF($AO148>0, 1, 0) -> 0 | BT148: =IF($AR148>0, 1, 0) -> 0 | BU148: =IF($AU148>0, 1, 0) -> 0 | BV148: =IF(AX148>0, 1, 0) -> 0
A149: ZONE-R4-Z1 | B149: ROW-R4-Z1-R1 | C149: 20 | F149: LL-R4 | G149: AIRZONE-R4 | H149: RACK-R4-Z1-R1-04 | I149: POD-07 | J149: ="RACKPDU-"&H149&"-A" -> RACKPDU-RACK-R4-Z1-R1-04-A | K149: ="RACKPDU-"&H149&"-B" -> RACKPDU-RACK-R4-Z1-R1-04-B | L149: 20 | M149: =VLOOKUP($H149,'Cooling-Rack'!$A$2:$G$265,5,FALSE) -> 14 | N149: =VLOOKUP($H149,'Cooling-Rack'!$A$2:$G$265,7,FALSE) -> 6 | O149: =INT(L149/0.8+0.5) -> 25 | P149: 0.7 | Q149: 0.3 | R149: RPP-R4-A6 | S149: RPP-R4-B6 | T149: RPDU-R4-A | U149: RPDU-R3R4-B | V149: UPS-02-A | W149: UPS-02-B | X149: BESS-01 | Y149: SWGR-01 | Z149: SWGR-02 | AA149: UTIL-01 | AB149: UTIL-02 | AC149: GEN-01 | AD149: GEN-02 | AE149: CC-R4 | AF149: BDL-R4 | AG149: BDL-RPDU-R3R4 | AH149: BDL-UPS-02 | AL149: 0 | AM149: =AL149/$L149*$M149 -> 0 | AN149: =AL149/$L149*$N149 -> 0 | AO149: 0 | AP149: =AO149/$L149*$M149 -> 0 | AQ149: =AO149/$L149*$N149 -> 0 | AS149: =AR149/$L149*$M149 -> 0 | AT149: =AR149/$L149*$N149 -> 0 | BA149: =$L149-$AI149 -> 20 | BB149: =$L149-$AL149 -> 20 | BC149: =$L149-$AO149 -> 20 | BD149: =$L149-$AR149 -> 20 | BE149: =$L149-$AU149 -> 20 | BF149: =$L149-$AX149 -> 20 | BG149: =BA149/$L149 -> 1 | BH149: =BB149/$L149 -> 1 | BI149: =BC149/$L149 -> 1 | BJ149: =BD149/$L149 -> 1 | BK149: =BE149/$L149 -> 1 | BL149: =BF149/$L149 -> 1 | BO149: DTC-RACK-R4-Z1-R1-04 | BP149: =M149/0.9 -> 15.555556 | BQ149: =IF($AI149>0, 1, 0) -> 0 | BR149: =IF($AL149>0, 1, 0) -> 0 | BS149: =IF($AO149>0, 1, 0) -> 0 | BT149: =IF($AR149>0, 1, 0) -> 0 | BU149: =IF($AU149>0, 1, 0) -> 0 | BV149: =IF(AX149>0, 1, 0) -> 0
A150: ZONE-R4-Z1 | B150: ROW-R4-Z1-R1 | C150: 20 | F150: LL-R4 | G150: AIRZONE-R4 | H150: RACK-R4-Z1-R1-05 | I150: POD-07 | J150: ="RACKPDU-"&H150&"-A" -> RACKPDU-RACK-R4-Z1-R1-05-A | K150: ="RACKPDU-"&H150&"-B" -> RACKPDU-RACK-R4-Z1-R1-05-B | L150: 20 | M150: =VLOOKUP($H150,'Cooling-Rack'!$A$2:$G$265,5,FALSE) -> 14 | N150: =VLOOKUP($H150,'Cooling-Rack'!$A$2:$G$265,7,FALSE) -> 6 | O150: =INT(L150/0.8+0.5) -> 25 | P150: 0.7 | Q150: 0.3 | R150: RPP-R4-A5 | S150: RPP-R4-B5 | T150: RPDU-R4-A | U150: RPDU-R3R4-B | V150: UPS-02-A | W150: UPS-02-B | X150: BESS-01 | Y150: SWGR-01 | Z150: SWGR-02 | AA150: UTIL-01 | AB150: UTIL-02 | AC150: GEN-01 | AD150: GEN-02 | AE150: CC-R4 | AF150: BDL-R4 | AG150: BDL-RPDU-R3R4 | AH150: BDL-UPS-02 | AL150: 0 | AM150: =AL150/$L150*$M150 -> 0 | AN150: =AL150/$L150*$N150 -> 0 | AO150: 0 | AP150: =AO150/$L150*$M150 -> 0 | AQ150: =AO150/$L150*$N150 -> 0 | AS150: =AR150/$L150*$M150 -> 0 | AT150: =AR150/$L150*$N150 -> 0 | BA150: =$L150-$AI150 -> 20 | BB150: =$L150-$AL150 -> 20 | BC150: =$L150-$AO150 -> 20 | BD150: =$L150-$AR150 -> 20 | BE150: =$L150-$AU150 -> 20 | BF150: =$L150-$AX150 -> 20 | BG150: =BA150/$L150 -> 1 | BH150: =BB150/$L150 -> 1 | BI150: =BC150/$L150 -> 1 | BJ150: =BD150/$L150 -> 1 | BK150: =BE150/$L150 -> 1 | BL150: =BF150/$L150 -> 1 | BO150: DTC-RACK-R4-Z1-R1-05 | BP150: =M150/0.9 -> 15.555556 | BQ150: =IF($AI150>0, 1, 0) -> 0 | BR150: =IF($AL150>0, 1, 0) -> 0 | BS150: =IF($AO150>0, 1, 0) -> 0 | BT150: =IF($AR150>0, 1, 0) -> 0 | BU150: =IF($AU150>0, 1, 0) -> 0 | BV150: =IF(AX150>0, 1, 0) -> 0
A151: ZONE-R4-Z1 | B151: ROW-R4-Z1-R1 | C151: 20 | F151: LL-R4 | G151: AIRZONE-R4 | H151: RACK-R4-Z1-R1-06 | I151: POD-07 | J151: ="RACKPDU-"&H151&"-A" -> RACKPDU-RACK-R4-Z1-R1-06-A | K151: ="RACKPDU-"&H151&"-B" -> RACKPDU-RACK-R4-Z1-R1-06-B | L151: 20 | M151: =VLOOKUP($H151,'Cooling-Rack'!$A$2:$G$265,5,FALSE) -> 14 | N151: =VLOOKUP($H151,'Cooling-Rack'!$A$2:$G$265,7,FALSE) -> 6 | O151: =INT(L151/0.8+0.5) -> 25 | P151: 0.7 | Q151: 0.3 | R151: RPP-R4-A6 | S151: RPP-R4-B6 | T151: RPDU-R4-A | U151: RPDU-R3R4-B | V151: UPS-02-A | W151: UPS-02-B | X151: BESS-01 | Y151: SWGR-01 | Z151: SWGR-02 | AA151: UTIL-01 | AB151: UTIL-02 | AC151: GEN-01 | AD151: GEN-02 | AE151: CC-R4 | AF151: BDL-R4 | AG151: BDL-RPDU-R3R4 | AH151: BDL-UPS-02 | AL151: 0 | AM151: =AL151/$L151*$M151 -> 0 | AN151: =AL151/$L151*$N151 -> 0 | AO151: 0 | AP151: =AO151/$L151*$M151 -> 0 | AQ151: =AO151/$L151*$N151 -> 0 | AS151: =AR151/$L151*$M151 -> 0 | AT151: =AR151/$L151*$N151 -> 0 | BA151: =$L151-$AI151 -> 20 | BB151: =$L151-$AL151 -> 20 | BC151: =$L151-$AO151 -> 20 | BD151: =$L151-$AR151 -> 20 | BE151: =$L151-$AU151 -> 20 | BF151: =$L151-$AX151 -> 20 | BG151: =BA151/$L151 -> 1 | BH151: =BB151/$L151 -> 1 | BI151: =BC151/$L151 -> 1 | BJ151: =BD151/$L151 -> 1 | BK151: =BE151/$L151 -> 1 | BL151: =BF151/$L151 -> 1 | BO151: DTC-RACK-R4-Z1-R1-06 | BP151: =M151/0.9 -> 15.555556 | BQ151: =IF($AI151>0, 1, 0) -> 0 | BR151: =IF($AL151>0, 1, 0) -> 0 | BS151: =IF($AO151>0, 1, 0) -> 0 | BT151: =IF($AR151>0, 1, 0) -> 0 | BU151: =IF($AU151>0, 1, 0) -> 0 | BV151: =IF(AX151>0, 1, 0) -> 0
A152: ZONE-R4-Z1 | B152: ROW-R4-Z1-R1 | C152: 20 | F152: LL-R4 | G152: AIRZONE-R4 | H152: RACK-R4-Z1-R1-07 | I152: POD-07 | J152: ="RACKPDU-"&H152&"-A" -> RACKPDU-RACK-R4-Z1-R1-07-A | K152: ="RACKPDU-"&H152&"-B" -> RACKPDU-RACK-R4-Z1-R1-07-B | L152: 20 | M152: =VLOOKUP($H152,'Cooling-Rack'!$A$2:$G$265,5,FALSE) -> 14 | N152: =VLOOKUP($H152,'Cooling-Rack'!$A$2:$G$265,7,FALSE) -> 6 | O152: =INT(L152/0.8+0.5) -> 25 | P152: 0.7 | Q152: 0.3 | R152: RPP-R4-A5 | S152: RPP-R4-B5 | T152: RPDU-R4-A | U152: RPDU-R3R4-B | V152: UPS-02-A | W152: UPS-02-B | X152: BESS-01 | Y152: SWGR-01 | Z152: SWGR-02 | AA152: UTIL-01 | AB152: UTIL-02 | AC152: GEN-01 | AD152: GEN-02 | AE152: CC-R4 | AF152: BDL-R4 | AG152: BDL-RPDU-R3R4 | AH152: BDL-UPS-02 | AL152: 0 | AM152: =AL152/$L152*$M152 -> 0 | AN152: =AL152/$L152*$N152 -> 0 | AO152: 0 | AP152: =AO152/$L152*$M152 -> 0 | AQ152: =AO152/$L152*$N152 -> 0 | AS152: =AR152/$L152*$M152 -> 0 | AT152: =AR152/$L152*$N152 -> 0 | BA152: =$L152-$AI152 -> 20 | BB152: =$L152-$AL152 -> 20 | BC152: =$L152-$AO152 -> 20 | BD152: =$L152-$AR152 -> 20 | BE152: =$L152-$AU152 -> 20 | BF152: =$L152-$AX152 -> 20 | BG152: =BA152/$L152 -> 1 | BH152: =BB152/$L152 -> 1 | BI152: =BC152/$L152 -> 1 | BJ152: =BD152/$L152 -> 1 | BK152: =BE152/$L152 -> 1 | BL152: =BF152/$L152 -> 1 | BO152: DTC-RACK-R4-Z1-R1-07 | BP152: =M152/0.9 -> 15.555556 | BQ152: =IF($AI152>0, 1, 0) -> 0 | BR152: =IF($AL152>0, 1, 0) -> 0 | BS152: =IF($AO152>0, 1, 0) -> 0 | BT152: =IF($AR152>0, 1, 0) -> 0 | BU152: =IF($AU152>0, 1, 0) -> 0 | BV152: =IF(AX152>0, 1, 0) -> 0
A153: ZONE-R4-Z1 | B153: ROW-R4-Z1-R1 | C153: 20 | F153: LL-R4 | G153: AIRZONE-R4 | H153: RACK-R4-Z1-R1-08 | I153: POD-07 | J153: ="RACKPDU-"&H153&"-A" -> RACKPDU-RACK-R4-Z1-R1-08-A | K153: ="RACKPDU-"&H153&"-B" -> RACKPDU-RACK-R4-Z1-R1-08-B | L153: 20 | M153: =VLOOKUP($H153,'Cooling-Rack'!$A$2:$G$265,5,FALSE) -> 14 | N153: =VLOOKUP($H153,'Cooling-Rack'!$A$2:$G$265,7,FALSE) -> 6 | O153: =INT(L153/0.8+0.5) -> 25 | P153: 0.7 | Q153: 0.3 | R153: RPP-R4-A6 | S153: RPP-R4-B6 | T153: RPDU-R4-A | U153: RPDU-R3R4-B | V153: UPS-02-A | W153: UPS-02-B | X153: BESS-01 | Y153: SWGR-01 | Z153: SWGR-02 | AA153: UTIL-01 | AB153: UTIL-02 | AC153: GEN-01 | AD153: GEN-02 | AE153: CC-R4 | AF153: BDL-R4 | AG153: BDL-RPDU-R3R4 | AH153: BDL-UPS-02 | AL153: 0 | AM153: =AL153/$L153*$M153 -> 0 | AN153: =AL153/$L153*$N153 -> 0 | AO153: 0 | AP153: =AO153/$L153*$M153 -> 0 | AQ153: =AO153/$L153*$N153 -> 0 | AS153: =AR153/$L153*$M153 -> 0 | AT153: =AR153/$L153*$N153 -> 0 | BA153: =$L153-$AI153 -> 20 | BB153: =$L153-$AL153 -> 20 | BC153: =$L153-$AO153 -> 20 | BD153: =$L153-$AR153 -> 20 | BE153: =$L153-$AU153 -> 20 | BF153: =$L153-$AX153 -> 20 | BG153: =BA153/$L153 -> 1 | BH153: =BB153/$L153 -> 1 | BI153: =BC153/$L153 -> 1 | BJ153: =BD153/$L153 -> 1 | BK153: =BE153/$L153 -> 1 | BL153: =BF153/$L153 -> 1 | BO153: DTC-RACK-R4-Z1-R1-08 | BP153: =M153/0.9 -> 15.555556 | BQ153: =IF($AI153>0, 1, 0) -> 0 | BR153: =IF($AL153>0, 1, 0) -> 0 | BS153: =IF($AO153>0, 1, 0) -> 0 | BT153: =IF($AR153>0, 1, 0) -> 0 | BU153: =IF($AU153>0, 1, 0) -> 0 | BV153: =IF(AX153>0, 1, 0) -> 0
A154: ZONE-R4-Z1 | B154: ROW-R4-Z1-R1 | C154: 20 | F154: LL-R4 | G154: AIRZONE-R4 | H154: RACK-R4-Z1-R1-09 | I154: POD-07 | J154: ="RACKPDU-"&H154&"-A" -> RACKPDU-RACK-R4-Z1-R1-09-A | K154: ="RACKPDU-"&H154&"-B" -> RACKPDU-RACK-R4-Z1-R1-09-B | L154: 20 | M154: =VLOOKUP($H154,'Cooling-Rack'!$A$2:$G$265,5,FALSE) -> 14 | N154: =VLOOKUP($H154,'Cooling-Rack'!$A$2:$G$265,7,FALSE) -> 6 | O154: =INT(L154/0.8+0.5) -> 25 | P154: 0.7 | Q154: 0.3 | R154: RPP-R4-A5 | S154: RPP-R4-B5 | T154: RPDU-R4-A | U154: RPDU-R3R4-B | V154: UPS-02-A | W154: UPS-02-B | X154: BESS-01 | Y154: SWGR-01 | Z154: SWGR-02 | AA154: UTIL-01 | AB154: UTIL-02 | AC154: GEN-01 | AD154: GEN-02 | AE154: CC-R4 | AF154: BDL-R4 | AG154: BDL-RPDU-R3R4 | AH154: BDL-UPS-02 | AL154: 0 | AM154: =AL154/$L154*$M154 -> 0 | AN154: =AL154/$L154*$N154 -> 0 | AO154: 0 | AP154: =AO154/$L154*$M154 -> 0 | AQ154: =AO154/$L154*$N154 -> 0 | AS154: =AR154/$L154*$M154 -> 0 | AT154: =AR154/$L154*$N154 -> 0 | BA154: =$L154-$AI154 -> 20 | BB154: =$L154-$AL154 -> 20 | BC154: =$L154-$AO154 -> 20 | BD154: =$L154-$AR154 -> 20 | BE154: =$L154-$AU154 -> 20 | BF154: =$L154-$AX154 -> 20 | BG154: =BA154/$L154 -> 1 | BH154: =BB154/$L154 -> 1 | BI154: =BC154/$L154 -> 1 | BJ154: =BD154/$L154 -> 1 | BK154: =BE154/$L154 -> 1 | BL154: =BF154/$L154 -> 1 | BO154: DTC-RACK-R4-Z1-R1-09 | BP154: =M154/0.9 -> 15.555556 | BQ154: =IF($AI154>0, 1, 0) -> 0 | BR154: =IF($AL154>0, 1, 0) -> 0 | BS154: =IF($AO154>0, 1, 0) -> 0 | BT154: =IF($AR154>0, 1, 0) -> 0 | BU154: =IF($AU154>0, 1, 0) -> 0 | BV154: =IF(AX154>0, 1, 0) -> 0
A155: ZONE-R4-Z1 | B155: ROW-R4-Z1-R1 | C155: 20 | F155: LL-R4 | G155: AIRZONE-R4 | H155: RACK-R4-Z1-R1-10 | I155: POD-07 | J155: ="RACKPDU-"&H155&"-A" -> RACKPDU-RACK-R4-Z1-R1-10-A | K155: ="RACKPDU-"&H155&"-B" -> RACKPDU-RACK-R4-Z1-R1-10-B | L155: 20 | M155: =VLOOKUP($H155,'Cooling-Rack'!$A$2:$G$265,5,FALSE) -> 14 | N155: =VLOOKUP($H155,'Cooling-Rack'!$A$2:$G$265,7,FALSE) -> 6 | O155: =INT(L155/0.8+0.5) -> 25 | P155: 0.7 | Q155: 0.3 | R155: RPP-R4-A6 | S155: RPP-R4-B6 | T155: RPDU-R4-A | U155: RPDU-R3R4-B | V155: UPS-02-A | W155: UPS-02-B | X155: BESS-01 | Y155: SWGR-01 | Z155: SWGR-02 | AA155: UTIL-01 | AB155: UTIL-02 | AC155: GEN-01 | AD155: GEN-02 | AE155: CC-R4 | AF155: BDL-R4 | AG155: BDL-RPDU-R3R4 | AH155: BDL-UPS-02 | AL155: 0 | AM155: =AL155/$L155*$M155 -> 0 | AN155: =AL155/$L155*$N155 -> 0 | AO155: 0 | AP155: =AO155/$L155*$M155 -> 0 | AQ155: =AO155/$L155*$N155 -> 0 | AS155: =AR155/$L155*$M155 -> 0 | AT155: =AR155/$L155*$N155 -> 0 | BA155: =$L155-$AI155 -> 20 | BB155: =$L155-$AL155 -> 20 | BC155: =$L155-$AO155 -> 20 | BD155: =$L155-$AR155 -> 20 | BE155: =$L155-$AU155 -> 20 | BF155: =$L155-$AX155 -> 20 | BG155: =BA155/$L155 -> 1 | BH155: =BB155/$L155 -> 1 | BI155: =BC155/$L155 -> 1 | BJ155: =BD155/$L155 -> 1 | BK155: =BE155/$L155 -> 1 | BL155: =BF155/$L155 -> 1 | BO155: DTC-RACK-R4-Z1-R1-10 | BP155: =M155/0.9 -> 15.555556 | BQ155: =IF($AI155>0, 1, 0) -> 0 | BR155: =IF($AL155>0, 1, 0) -> 0 | BS155: =IF($AO155>0, 1, 0) -> 0 | BT155: =IF($AR155>0, 1, 0) -> 0 | BU155: =IF($AU155>0, 1, 0) -> 0 | BV155: =IF(AX155>0, 1, 0) -> 0
A156: ZONE-R4-Z1 | B156: ROW-R4-Z1-R1 | C156: 20 | F156: LL-R4 | G156: AIRZONE-R4 | H156: RACK-R4-Z1-R1-11 | I156: POD-07 | J156: ="RACKPDU-"&H156&"-A" -> RACKPDU-RACK-R4-Z1-R1-11-A | K156: ="RACKPDU-"&H156&"-B" -> RACKPDU-RACK-R4-Z1-R1-11-B | L156: 20 | M156: =VLOOKUP($H156,'Cooling-Rack'!$A$2:$G$265,5,FALSE) -> 14 | N156: =VLOOKUP($H156,'Cooling-Rack'!$A$2:$G$265,7,FALSE) -> 6 | O156: =INT(L156/0.8+0.5) -> 25 | P156: 0.7 | Q156: 0.3 | R156: RPP-R4-A5 | S156: RPP-R4-B5 | T156: RPDU-R4-A | U156: RPDU-R3R4-B | V156: UPS-02-A | W156: UPS-02-B | X156: BESS-01 | Y156: SWGR-01 | Z156: SWGR-02 | AA156: UTIL-01 | AB156: UTIL-02 | AC156: GEN-01 | AD156: GEN-02 | AE156: CC-R4 | AF156: BDL-R4 | AG156: BDL-RPDU-R3R4 | AH156: BDL-UPS-02 | AL156: 0 | AM156: =AL156/$L156*$M156 -> 0 | AN156: =AL156/$L156*$N156 -> 0 | AO156: 0 | AP156: =AO156/$L156*$M156 -> 0 | AQ156: =AO156/$L156*$N156 -> 0 | AS156: =AR156/$L156*$M156 -> 0 | AT156: =AR156/$L156*$N156 -> 0 | BA156: =$L156-$AI156 -> 20 | BB156: =$L156-$AL156 -> 20 | BC156: =$L156-$AO156 -> 20 | BD156: =$L156-$AR156 -> 20 | BE156: =$L156-$AU156 -> 20 | BF156: =$L156-$AX156 -> 20 | BG156: =BA156/$L156 -> 1 | BH156: =BB156/$L156 -> 1 | BI156: =BC156/$L156 -> 1 | BJ156: =BD156/$L156 -> 1 | BK156: =BE156/$L156 -> 1 | BL156: =BF156/$L156 -> 1 | BO156: DTC-RACK-R4-Z1-R1-11 | BP156: =M156/0.9 -> 15.555556 | BQ156: =IF($AI156>0, 1, 0) -> 0 | BR156: =IF($AL156>0, 1, 0) -> 0 | BS156: =IF($AO156>0, 1, 0) -> 0 | BT156: =IF($AR156>0, 1, 0) -> 0 | BU156: =IF($AU156>0, 1, 0) -> 0 | BV156: =IF(AX156>0, 1, 0) -> 0
A157: ZONE-R4-Z1 | B157: ROW-R4-Z1-R1 | C157: 20 | F157: LL-R4 | G157: AIRZONE-R4 | H157: RACK-R4-Z1-R1-12 | I157: POD-07 | J157: ="RACKPDU-"&H157&"-A" -> RACKPDU-RACK-R4-Z1-R1-12-A | K157: ="RACKPDU-"&H157&"-B" -> RACKPDU-RACK-R4-Z1-R1-12-B | L157: 20 | M157: =VLOOKUP($H157,'Cooling-Rack'!$A$2:$G$265,5,FALSE) -> 14 | N157: =VLOOKUP($H157,'Cooling-Rack'!$A$2:$G$265,7,FALSE) -> 6 | O157: =INT(L157/0.8+0.5) -> 25 | P157: 0.7 | Q157: 0.3 | R157: RPP-R4-A6 | S157: RPP-R4-B6 | T157: RPDU-R4-A | U157: RPDU-R3R4-B | V157: UPS-02-A | W157: UPS-02-B | X157: BESS-01 | Y157: SWGR-01 | Z157: SWGR-02 | AA157: UTIL-01 | AB157: UTIL-02 | AC157: GEN-01 | AD157: GEN-02 | AE157: CC-R4 | AF157: BDL-R4 | AG157: BDL-RPDU-R3R4 | AH157: BDL-UPS-02 | AL157: 0 | AM157: =AL157/$L157*$M157 -> 0 | AN157: =AL157/$L157*$N157 -> 0 | AO157: 0 | AP157: =AO157/$L157*$M157 -> 0 | AQ157: =AO157/$L157*$N157 -> 0 | AS157: =AR157/$L157*$M157 -> 0 | AT157: =AR157/$L157*$N157 -> 0 | BA157: =$L157-$AI157 -> 20 | BB157: =$L157-$AL157 -> 20 | BC157: =$L157-$AO157 -> 20 | BD157: =$L157-$AR157 -> 20 | BE157: =$L157-$AU157 -> 20 | BF157: =$L157-$AX157 -> 20 | BG157: =BA157/$L157 -> 1 | BH157: =BB157/$L157 -> 1 | BI157: =BC157/$L157 -> 1 | BJ157: =BD157/$L157 -> 1 | BK157: =BE157/$L157 -> 1 | BL157: =BF157/$L157 -> 1 | BO157: DTC-RACK-R4-Z1-R1-12 | BP157: =M157/0.9 -> 15.555556 | BQ157: =IF($AI157>0, 1, 0) -> 0 | BR157: =IF($AL157>0, 1, 0) -> 0 | BS157: =IF($AO157>0, 1, 0) -> 0 | BT157: =IF($AR157>0, 1, 0) -> 0 | BU157: =IF($AU157>0, 1, 0) -> 0 | BV157: =IF(AX157>0, 1, 0) -> 0
... A169: ZONE-R4-Z1 | B169: ROW-R4-Z1-R2 | C169: 20 | F169: LL-R4 | G169: AIRZONE-R4 | H169: RACK-R4-Z1-R2-12 | I169: POD-07 | J169: ="RACKPDU-"&H169&"-A" -> RACKPDU-RACK-R4-Z1-R2-12-A | K169: ="RACKPDU-"&H169&"-B" -> RACKPDU-RACK-R4-Z1-R2-12-B | L169: 20 | M169: =VLOOKUP($H169,'Cooling-Rack'!$A$2:$G$265,5,FALSE) -> 14 | N169: =VLOOKUP($H169,'Cooling-Rack'!$A$2:$G$265,7,FALSE) -> 6 | O169: =INT(L169/0.8+0.5) -> 25 | P169: 0.7 | Q169: 0.3 | R169: RPP-R4-A6 | S169: RPP-R4-B6 | T169: RPDU-R4-A | U169: RPDU-R3R4-B | V169: UPS-02-A | W169: UPS-02-B | X169: BESS-01 | Y169: SWGR-01 | Z169: SWGR-02 | AA169: UTIL-01 | AB169: UTIL-02 | AC169: GEN-01 | AD169: GEN-02 | AE169: CC-R4 | AF169: BDL-R4 | AG169: BDL-RPDU-R3R4 | AH169: BDL-UPS-02 | AL169: 0 | AM169: =AL169/$L169*$M169 -> 0 | AN169: =AL169/$L169*$N169 -> 0 | AO169: 0 | AP169: =AO169/$L169*$M169 -> 0 | AQ169: =AO169/$L169*$N169 -> 0 | AS169: =AR169/$L169*$M169 -> 0 | AT169: =AR169/$L169*$N169 -> 0 | BA169: =$L169-$AI169 -> 20 | BB169: =$L169-$AL169 -> 20 | BC169: =$L169-$AO169 -> 20 | BD169: =$L169-$AR169 -> 20 | BE169: =$L169-$AU169 -> 20 | BF169: =$L169-$AX169 -> 20 | BG169: =BA169/$L169 -> 1 | BH169: =BB169/$L169 -> 1 | BI169: =BC169/$L169 -> 1 | BJ169: =BD169/$L169 -> 1 | BK169: =BE169/$L169 -> 1 | BL169: =BF169/$L169 -> 1 | BO169: DTC-RACK-R4-Z1-R2-12 | BP169: =M169/0.9 -> 15.555556 | BQ169: =IF($AI169>0, 1, 0) -> 0 | BR169: =IF($AL169>0, 1, 0) -> 0 | BS169: =IF($AO169>0, 1, 0) -> 0 | BT169: =IF($AR169>0, 1, 0) -> 0 | BU169: =IF($AU169>0, 1, 0) -> 0 | BV169: =IF(AX169>0, 1, 0) -> 0
A170: ZONE-R5-Z1W | B170: ROW-R5-Z1W-R1 | C170: 60 | F170: LL-R5-W | G170: AIRZONE-R5-W | H170: RACK-R5-Z1W-R1-01 | I170: POD-08 | J170: ="RACKPDU-"&$H170&"-A" -> RACKPDU-RACK-R5-Z1W-R1-01-A | K170: ="RACKPDU-"&$H170&"-B" -> RACKPDU-RACK-R5-Z1W-R1-01-B | L170: 60 | M170: =VLOOKUP($H170,'Cooling-Rack'!$A$2:$G$265,5,FALSE) -> 51 | N170: =VLOOKUP($H170,'Cooling-Rack'!$A$2:$G$265,7,FALSE) -> 9 | O170: 72 | P170: 0.85 | Q170: 0.15 | R170: RPP-R5-A1 | S170: RPP-R5-B1 | T170: RPDU-R5-A | U170: RPDU-R5-B | V170: UPS-02-A | W170: UPS-02-B | X170: BESS-01 | Y170: SWGR-01 | Z170: SWGR-02 | AA170: UTIL-01 | AB170: UTIL-02 | AC170: GEN-01 | AD170: GEN-02 | AE170: CC-R5W | AF170: BDL-R5 | AG170: BDL-RPDU-R5 | AH170: BDL-UPS-02 | AL170: 0 | AM170: =AL170/$L170*$M170 -> 0 | AN170: =AL170/$L170*$N170 -> 0 | AO170: 0 | AP170: =AO170/$L170*$M170 -> 0 | AQ170: =AO170/$L170*$N170 -> 0 | AS170: =AR170/$L170*$M170 -> 0 | AT170: =AR170/$L170*$N170 -> 0 | BA170: =$L170-$AI170 -> 60 | BB170: =$L170-$AL170 -> 60 | BC170: =$L170-$AO170 -> 60 | BD170: =$L170-$AR170 -> 60 | BE170: =$L170-$AU170 -> 60 | BF170: =$L170-$AX170 -> 60 | BG170: =BA170/$L170 -> 1 | BH170: =BB170/$L170 -> 1 | BI170: =BC170/$L170 -> 1 | BJ170: =BD170/$L170 -> 1 | BK170: =BE170/$L170 -> 1 | BL170: =BF170/$L170 -> 1 | BO170: DTC-RACK-R5-Z1W-R1-01 | BP170: =M170/0.9 -> 56.666667 | BQ170: =IF($AI170>0, 1, 0) -> 0 | BR170: =IF($AL170>0, 1, 0) -> 0 | BS170: =IF($AO170>0, 1, 0) -> 0 | BT170: =IF($AR170>0, 1, 0) -> 0 | BU170: =IF($AU170>0, 1, 0) -> 0 | BV170: =IF(AX170>0, 1, 0) -> 0
A171: ZONE-R5-Z1W | B171: ROW-R5-Z1W-R1 | C171: 60 | F171: LL-R5-W | G171: AIRZONE-R5-W | H171: RACK-R5-Z1W-R1-02 | I171: POD-08 | J171: ="RACKPDU-"&$H171&"-A" -> RACKPDU-RACK-R5-Z1W-R1-02-A | K171: ="RACKPDU-"&$H171&"-B" -> RACKPDU-RACK-R5-Z1W-R1-02-B | L171: 60 | M171: =VLOOKUP($H171,'Cooling-Rack'!$A$2:$G$265,5,FALSE) -> 51 | N171: =VLOOKUP($H171,'Cooling-Rack'!$A$2:$G$265,7,FALSE) -> 9 | O171: 72 | P171: 0.85 | Q171: 0.15 | R171: RPP-R5-A1 | S171: RPP-R5-B1 | T171: RPDU-R5-A | U171: RPDU-R5-B | V171: UPS-02-A | W171: UPS-02-B | X171: BESS-01 | Y171: SWGR-01 | Z171: SWGR-02 | AA171: UTIL-01 | AB171: UTIL-02 | AC171: GEN-01 | AD171: GEN-02 | AE171: CC-R5W | AF171: BDL-R5 | AG171: BDL-RPDU-R5 | AH171: BDL-UPS-02 | AL171: 0 | AM171: =AL171/$L171*$M171 -> 0 | AN171: =AL171/$L171*$N171 -> 0 | AO171: 0 | AP171: =AO171/$L171*$M171 -> 0 | AQ171: =AO171/$L171*$N171 -> 0 | AS171: =AR171/$L171*$M171 -> 0 | AT171: =AR171/$L171*$N171 -> 0 | BA171: =$L171-$AI171 -> 60 | BB171: =$L171-$AL171 -> 60 | BC171: =$L171-$AO171 -> 60 | BD171: =$L171-$AR171 -> 60 | BE171: =$L171-$AU171 -> 60 | BF171: =$L171-$AX171 -> 60 | BG171: =BA171/$L171 -> 1 | BH171: =BB171/$L171 -> 1 | BI171: =BC171/$L171 -> 1 | BJ171: =BD171/$L171 -> 1 | BK171: =BE171/$L171 -> 1 | BL171: =BF171/$L171 -> 1 | BO171: DTC-RACK-R5-Z1W-R1-02 | BP171: =M171/0.9 -> 56.666667 | BQ171: =IF($AI171>0, 1, 0) -> 0 | BR171: =IF($AL171>0, 1, 0) -> 0 | BS171: =IF($AO171>0, 1, 0) -> 0 | BT171: =IF($AR171>0, 1, 0) -> 0 | BU171: =IF($AU171>0, 1, 0) -> 0 | BV171: =IF(AX171>0, 1, 0) -> 0
A172: ZONE-R5-Z1W | B172: ROW-R5-Z1W-R1 | C172: 60 | F172: LL-R5-W | G172: AIRZONE-R5-W | H172: RACK-R5-Z1W-R1-03 | I172: POD-08 | J172: ="RACKPDU-"&$H172&"-A" -> RACKPDU-RACK-R5-Z1W-R1-03-A | K172: ="RACKPDU-"&$H172&"-B" -> RACKPDU-RACK-R5-Z1W-R1-03-B | L172: 60 | M172: =VLOOKUP($H172,'Cooling-Rack'!$A$2:$G$265,5,FALSE) -> 51 | N172: =VLOOKUP($H172,'Cooling-Rack'!$A$2:$G$265,7,FALSE) -> 9 | O172: 72 | P172: 0.85 | Q172: 0.15 | R172: RPP-R5-A1 | S172: RPP-R5-B1 | T172: RPDU-R5-A | U172: RPDU-R5-B | V172: UPS-02-A | W172: UPS-02-B | X172: BESS-01 | Y172: SWGR-01 | Z172: SWGR-02 | AA172: UTIL-01 | AB172: UTIL-02 | AC172: GEN-01 | AD172: GEN-02 | AE172: CC-R5W | AF172: BDL-R5 | AG172: BDL-RPDU-R5 | AH172: BDL-UPS-02 | AL172: 0 | AM172: =AL172/$L172*$M172 -> 0 | AN172: =AL172/$L172*$N172 -> 0 | AO172: 0 | AP172: =AO172/$L172*$M172 -> 0 | AQ172: =AO172/$L172*$N172 -> 0 | AS172: =AR172/$L172*$M172 -> 0 | AT172: =AR172/$L172*$N172 -> 0 | BA172: =$L172-$AI172 -> 60 | BB172: =$L172-$AL172 -> 60 | BC172: =$L172-$AO172 -> 60 | BD172: =$L172-$AR172 -> 60 | BE172: =$L172-$AU172 -> 60 | BF172: =$L172-$AX172 -> 60 | BG172: =BA172/$L172 -> 1 | BH172: =BB172/$L172 -> 1 | BI172: =BC172/$L172 -> 1 | BJ172: =BD172/$L172 -> 1 | BK172: =BE172/$L172 -> 1 | BL172: =BF172/$L172 -> 1 | BO172: DTC-RACK-R5-Z1W-R1-03 | BP172: =M172/0.9 -> 56.666667 | BQ172: =IF($AI172>0, 1, 0) -> 0 | BR172: =IF($AL172>0, 1, 0) -> 0 | BS172: =IF($AO172>0, 1, 0) -> 0 | BT172: =IF($AR172>0, 1, 0) -> 0 | BU172: =IF($AU172>0, 1, 0) -> 0 | BV172: =IF(AX172>0, 1, 0) -> 0
A173: ZONE-R5-Z1W | B173: ROW-R5-Z1W-R1 | C173: 60 | F173: LL-R5-W | G173: AIRZONE-R5-W | H173: RACK-R5-Z1W-R1-04 | I173: POD-08 | J173: ="RACKPDU-"&$H173&"-A" -> RACKPDU-RACK-R5-Z1W-R1-04-A | K173: ="RACKPDU-"&$H173&"-B" -> RACKPDU-RACK-R5-Z1W-R1-04-B | L173: 60 | M173: =VLOOKUP($H173,'Cooling-Rack'!$A$2:$G$265,5,FALSE) -> 51 | N173: =VLOOKUP($H173,'Cooling-Rack'!$A$2:$G$265,7,FALSE) -> 9 | O173: 72 | P173: 0.85 | Q173: 0.15 | R173: RPP-R5-A1 | S173: RPP-R5-B1 | T173: RPDU-R5-A | U173: RPDU-R5-B | V173: UPS-02-A | W173: UPS-02-B | X173: BESS-01 | Y173: SWGR-01 | Z173: SWGR-02 | AA173: UTIL-01 | AB173: UTIL-02 | AC173: GEN-01 | AD173: GEN-02 | AE173: CC-R5W | AF173: BDL-R5 | AG173: BDL-RPDU-R5 | AH173: BDL-UPS-02 | AL173: 0 | AM173: =AL173/$L173*$M173 -> 0 | AN173: =AL173/$L173*$N173 -> 0 | AO173: 0 | AP173: =AO173/$L173*$M173 -> 0 | AQ173: =AO173/$L173*$N173 -> 0 | AS173: =AR173/$L173*$M173 -> 0 | AT173: =AR173/$L173*$N173 -> 0 | BA173: =$L173-$AI173 -> 60 | BB173: =$L173-$AL173 -> 60 | BC173: =$L173-$AO173 -> 60 | BD173: =$L173-$AR173 -> 60 | BE173: =$L173-$AU173 -> 60 | BF173: =$L173-$AX173 -> 60 | BG173: =BA173/$L173 -> 1 | BH173: =BB173/$L173 -> 1 | BI173: =BC173/$L173 -> 1 | BJ173: =BD173/$L173 -> 1 | BK173: =BE173/$L173 -> 1 | BL173: =BF173/$L173 -> 1 | BO173: DTC-RACK-R5-Z1W-R1-04 | BP173: =M173/0.9 -> 56.666667 | BQ173: =IF($AI173>0, 1, 0) -> 0 | BR173: =IF($AL173>0, 1, 0) -> 0 | BS173: =IF($AO173>0, 1, 0) -> 0 | BT173: =IF($AR173>0, 1, 0) -> 0 | BU173: =IF($AU173>0, 1, 0) -> 0 | BV173: =IF(AX173>0, 1, 0) -> 0
A174: ZONE-R5-Z1W | B174: ROW-R5-Z1W-R1 | C174: 60 | F174: LL-R5-W | G174: AIRZONE-R5-W | H174: RACK-R5-Z1W-R1-05 | I174: POD-08 | J174: ="RACKPDU-"&$H174&"-A" -> RACKPDU-RACK-R5-Z1W-R1-05-A | K174: ="RACKPDU-"&$H174&"-B" -> RACKPDU-RACK-R5-Z1W-R1-05-B | L174: 60 | M174: =VLOOKUP($H174,'Cooling-Rack'!$A$2:$G$265,5,FALSE) -> 51 | N174: =VLOOKUP($H174,'Cooling-Rack'!$A$2:$G$265,7,FALSE) -> 9 | O174: 72 | P174: 0.85 | Q174: 0.15 | R174: RPP-R5-A1 | S174: RPP-R5-B1 | T174: RPDU-R5-A | U174: RPDU-R5-B | V174: UPS-02-A | W174: UPS-02-B | X174: BESS-01 | Y174: SWGR-01 | Z174: SWGR-02 | AA174: UTIL-01 | AB174: UTIL-02 | AC174: GEN-01 | AD174: GEN-02 | AE174: CC-R5W | AF174: BDL-R5 | AG174: BDL-RPDU-R5 | AH174: BDL-UPS-02 | AL174: 0 | AM174: =AL174/$L174*$M174 -> 0 | AN174: =AL174/$L174*$N174 -> 0 | AO174: 0 | AP174: =AO174/$L174*$M174 -> 0 | AQ174: =AO174/$L174*$N174 -> 0 | AS174: =AR174/$L174*$M174 -> 0 | AT174: =AR174/$L174*$N174 -> 0 | BA174: =$L174-$AI174 -> 60 | BB174: =$L174-$AL174 -> 60 | BC174: =$L174-$AO174 -> 60 | BD174: =$L174-$AR174 -> 60 | BE174: =$L174-$AU174 -> 60 | BF174: =$L174-$AX174 -> 60 | BG174: =BA174/$L174 -> 1 | BH174: =BB174/$L174 -> 1 | BI174: =BC174/$L174 -> 1 | BJ174: =BD174/$L174 -> 1 | BK174: =BE174/$L174 -> 1 | BL174: =BF174/$L174 -> 1 | BO174: DTC-RACK-R5-Z1W-R1-05 | BP174: =M174/0.9 -> 56.666667 | BQ174: =IF($AI174>0, 1, 0) -> 0 | BR174: =IF($AL174>0, 1, 0) -> 0 | BS174: =IF($AO174>0, 1, 0) -> 0 | BT174: =IF($AR174>0, 1, 0) -> 0 | BU174: =IF($AU174>0, 1, 0) -> 0 | BV174: =IF(AX174>0, 1, 0) -> 0
A175: ZONE-R5-Z1W | B175: ROW-R5-Z1W-R1 | C175: 60 | F175: LL-R5-W | G175: AIRZONE-R5-W | H175: RACK-R5-Z1W-R1-06 | I175: POD-08 | J175: ="RACKPDU-"&$H175&"-A" -> RACKPDU-RACK-R5-Z1W-R1-06-A | K175: ="RACKPDU-"&$H175&"-B" -> RACKPDU-RACK-R5-Z1W-R1-06-B | L175: 60 | M175: =VLOOKUP($H175,'Cooling-Rack'!$A$2:$G$265,5,FALSE) -> 51 | N175: =VLOOKUP($H175,'Cooling-Rack'!$A$2:$G$265,7,FALSE) -> 9 | O175: 72 | P175: 0.85 | Q175: 0.15 | R175: RPP-R5-A1 | S175: RPP-R5-B1 | T175: RPDU-R5-A | U175: RPDU-R5-B | V175: UPS-02-A | W175: UPS-02-B | X175: BESS-01 | Y175: SWGR-01 | Z175: SWGR-02 | AA175: UTIL-01 | AB175: UTIL-02 | AC175: GEN-01 | AD175: GEN-02 | AE175: CC-R5W | AF175: BDL-R5 | AG175: BDL-RPDU-R5 | AH175: BDL-UPS-02 | AL175: 0 | AM175: =AL175/$L175*$M175 -> 0 | AN175: =AL175/$L175*$N175 -> 0 | AO175: 0 | AP175: =AO175/$L175*$M175 -> 0 | AQ175: =AO175/$L175*$N175 -> 0 | AS175: =AR175/$L175*$M175 -> 0 | AT175: =AR175/$L175*$N175 -> 0 | BA175: =$L175-$AI175 -> 60 | BB175: =$L175-$AL175 -> 60 | BC175: =$L175-$AO175 -> 60 | BD175: =$L175-$AR175 -> 60 | BE175: =$L175-$AU175 -> 60 | BF175: =$L175-$AX175 -> 60 | BG175: =BA175/$L175 -> 1 | BH175: =BB175/$L175 -> 1 | BI175: =BC175/$L175 -> 1 | BJ175: =BD175/$L175 -> 1 | BK175: =BE175/$L175 -> 1 | BL175: =BF175/$L175 -> 1 | BO175: DTC-RACK-R5-Z1W-R1-06 | BP175: =M175/0.9 -> 56.666667 | BQ175: =IF($AI175>0, 1, 0) -> 0 | BR175: =IF($AL175>0, 1, 0) -> 0 | BS175: =IF($AO175>0, 1, 0) -> 0 | BT175: =IF($AR175>0, 1, 0) -> 0 | BU175: =IF($AU175>0, 1, 0) -> 0 | BV175: =IF(AX175>0, 1, 0) -> 0
A176: ZONE-R5-Z1W | B176: ROW-R5-Z1W-R1 | C176: 60 | F176: LL-R5-W | G176: AIRZONE-R5-W | H176: RACK-R5-Z1W-R1-07 | I176: POD-08 | J176: ="RACKPDU-"&$H176&"-A" -> RACKPDU-RACK-R5-Z1W-R1-07-A | K176: ="RACKPDU-"&$H176&"-B" -> RACKPDU-RACK-R5-Z1W-R1-07-B | L176: 60 | M176: =VLOOKUP($H176,'Cooling-Rack'!$A$2:$G$265,5,FALSE) -> 51 | N176: =VLOOKUP($H176,'Cooling-Rack'!$A$2:$G$265,7,FALSE) -> 9 | O176: 72 | P176: 0.85 | Q176: 0.15 | R176: RPP-R5-A1 | S176: RPP-R5-B1 | T176: RPDU-R5-A | U176: RPDU-R5-B | V176: UPS-02-A | W176: UPS-02-B | X176: BESS-01 | Y176: SWGR-01 | Z176: SWGR-02 | AA176: UTIL-01 | AB176: UTIL-02 | AC176: GEN-01 | AD176: GEN-02 | AE176: CC-R5W | AF176: BDL-R5 | AG176: BDL-RPDU-R5 | AH176: BDL-UPS-02 | AL176: 0 | AM176: =AL176/$L176*$M176 -> 0 | AN176: =AL176/$L176*$N176 -> 0 | AO176: 0 | AP176: =AO176/$L176*$M176 -> 0 | AQ176: =AO176/$L176*$N176 -> 0 | AS176: =AR176/$L176*$M176 -> 0 | AT176: =AR176/$L176*$N176 -> 0 | BA176: =$L176-$AI176 -> 60 | BB176: =$L176-$AL176 -> 60 | BC176: =$L176-$AO176 -> 60 | BD176: =$L176-$AR176 -> 60 | BE176: =$L176-$AU176 -> 60 | BF176: =$L176-$AX176 -> 60 | BG176: =BA176/$L176 -> 1 | BH176: =BB176/$L176 -> 1 | BI176: =BC176/$L176 -> 1 | BJ176: =BD176/$L176 -> 1 | BK176: =BE176/$L176 -> 1 | BL176: =BF176/$L176 -> 1 | BO176: DTC-RACK-R5-Z1W-R1-07 | BP176: =M176/0.9 -> 56.666667 | BQ176: =IF($AI176>0, 1, 0) -> 0 | BR176: =IF($AL176>0, 1, 0) -> 0 | BS176: =IF($AO176>0, 1, 0) -> 0 | BT176: =IF($AR176>0, 1, 0) -> 0 | BU176: =IF($AU176>0, 1, 0) -> 0 | BV176: =IF(AX176>0, 1, 0) -> 0
A177: ZONE-R5-Z1W | B177: ROW-R5-Z1W-R1 | C177: 60 | F177: LL-R5-W | G177: AIRZONE-R5-W | H177: RACK-R5-Z1W-R1-08 | I177: POD-08 | J177: ="RACKPDU-"&$H177&"-A" -> RACKPDU-RACK-R5-Z1W-R1-08-A | K177: ="RACKPDU-"&$H177&"-B" -> RACKPDU-RACK-R5-Z1W-R1-08-B | L177: 60 | M177: =VLOOKUP($H177,'Cooling-Rack'!$A$2:$G$265,5,FALSE) -> 51 | N177: =VLOOKUP($H177,'Cooling-Rack'!$A$2:$G$265,7,FALSE) -> 9 | O177: 72 | P177: 0.85 | Q177: 0.15 | R177: RPP-R5-A1 | S177: RPP-R5-B1 | T177: RPDU-R5-A | U177: RPDU-R5-B | V177: UPS-02-A | W177: UPS-02-B | X177: BESS-01 | Y177: SWGR-01 | Z177: SWGR-02 | AA177: UTIL-01 | AB177: UTIL-02 | AC177: GEN-01 | AD177: GEN-02 | AE177: CC-R5W | AF177: BDL-R5 | AG177: BDL-RPDU-R5 | AH177: BDL-UPS-02 | AL177: 0 | AM177: =AL177/$L177*$M177 -> 0 | AN177: =AL177/$L177*$N177 -> 0 | AO177: 0 | AP177: =AO177/$L177*$M177 -> 0 | AQ177: =AO177/$L177*$N177 -> 0 | AS177: =AR177/$L177*$M177 -> 0 | AT177: =AR177/$L177*$N177 -> 0 | BA177: =$L177-$AI177 -> 60 | BB177: =$L177-$AL177 -> 60 | BC177: =$L177-$AO177 -> 60 | BD177: =$L177-$AR177 -> 60 | BE177: =$L177-$AU177 -> 60 | BF177: =$L177-$AX177 -> 60 | BG177: =BA177/$L177 -> 1 | BH177: =BB177/$L177 -> 1 | BI177: =BC177/$L177 -> 1 | BJ177: =BD177/$L177 -> 1 | BK177: =BE177/$L177 -> 1 | BL177: =BF177/$L177 -> 1 | BO177: DTC-RACK-R5-Z1W-R1-08 | BP177: =M177/0.9 -> 56.666667 | BQ177: =IF($AI177>0, 1, 0) -> 0 | BR177: =IF($AL177>0, 1, 0) -> 0 | BS177: =IF($AO177>0, 1, 0) -> 0 | BT177: =IF($AR177>0, 1, 0) -> 0 | BU177: =IF($AU177>0, 1, 0) -> 0 | BV177: =IF(AX177>0, 1, 0) -> 0
...

Sheet Load_Margin
A1: Node Type | B1: Node ID | C1: Cluster | D1: Draft ID | E1: Private | F1: Allocated_ITLoad | G1: Allocated_AirCool_Load | H1: Allocated_LiquidCool_Load | I1: TheorMax_ITLoad | J1: TheorMax_AirCool_Load | K1: TheorMax_LiquidCool_Load | L1: Rack_Count | M1: Operational Capacity Name | N1: Operational Capacity | O1: Operating Margin Name | P1: Operating Margin | Q1: Operating Margin % Name | R1: Operating Margin % | S1: Device Capacity Name | T1: Device Capacity | U1: Device Capacity Margin Name | V1: Device Capacity Margin | W1: Device Capacity Margin% Name | X1: Device Capacity Margin%
A2: Row | B2: ROW-R1-Z1-R1 | E2: FALSE | F2: =VLOOKUP($B2,Constraints!$C$2:$Z$86,15, FALSE) -> 0 | I2: =F2/0.8 -> 0 | L2: =VLOOKUP($B2,Constraints!$C$2:$AK$86,26, FALSE) -> 0
A3: Row | B3: ROW-R1-Z1-R2 | E3: FALSE | F3: =VLOOKUP($B3,Constraints!$C$2:$Z$86,15, FALSE) -> 0 | I3: =F3/0.8 -> 0 | L3: =VLOOKUP($B3,Constraints!$C$2:$AK$86,26, FALSE) -> 0
A4: Row | B4: ROW-R1-Z2-R1 | E4: FALSE | F4: =VLOOKUP($B4,Constraints!$C$2:$Z$86,15, FALSE) -> 0 | I4: =F4/0.8 -> 0 | L4: =VLOOKUP($B4,Constraints!$C$2:$AK$86,26, FALSE) -> 0
A5: Row | B5: ROW-R1-Z2-R2 | E5: FALSE | F5: =VLOOKUP($B5,Constraints!$C$2:$Z$86,15, FALSE) -> 0 | I5: =F5/0.8 -> 0 | L5: =VLOOKUP($B5,Constraints!$C$2:$AK$86,26, FALSE) -> 0
A6: Row | B6: ROW-R2-Z1-R1 | E6: FALSE | F6: =VLOOKUP($B6,Constraints!$C$2:$Z$86,15, FALSE) -> 0 | I6: =F6/0.8 -> 0 | L6: =VLOOKUP($B6,Constraints!$C$2:$AK$86,26, FALSE) -> 0
A7: Row | B7: ROW-R2-Z1-R2 | E7: FALSE | F7: =VLOOKUP($B7,Constraints!$C$2:$Z$86,15, FALSE) -> 0 | I7: =F7/0.8 -> 0 | L7: =VLOOKUP($B7,Constraints!$C$2:$AK$86,26, FALSE) -> 0
A8: Row | B8: ROW-R2-Z2-R1 | E8: FALSE | F8: =VLOOKUP($B8,Constraints!$C$2:$Z$86,15, FALSE) -> 0 | I8: =F8/0.8 -> 0 | L8: =VLOOKUP($B8,Constraints!$C$2:$AK$86,26, FALSE) -> 0
A9: Row | B9: ROW-R2-Z2-R2 | E9: FALSE | F9: =VLOOKUP($B9,Constraints!$C$2:$Z$86,15, FALSE) -> 0 | I9: =F9/0.8 -> 0 | L9: =VLOOKUP($B9,Constraints!$C$2:$AK$86,26, FALSE) -> 0
A10: Row | B10: ROW-R3-Z1W-R1 | E10: FALSE | F10: =VLOOKUP($B10,Constraints!$C$2:$Z$86,15, FALSE) -> 360 | I10: =F10/0.8 -> 450 | L10: =VLOOKUP($B10,Constraints!$C$2:$AK$86,26, FALSE) -> 12
A11: Row | B11: ROW-R3-Z1W-R2 | E11: FALSE | F11: =VLOOKUP($B11,Constraints!$C$2:$Z$86,15, FALSE) -> 120 | I11: =F11/0.8 -> 150 | L11: =VLOOKUP($B11,Constraints!$C$2:$AK$86,26, FALSE) -> 4
A12: Row | B12: ROW-R3-Z2W-R1 | E12: FALSE | F12: =VLOOKUP($B12,Constraints!$C$2:$Z$86,15, FALSE) -> 360 | I12: =F12/0.8 -> 450 | L12: =VLOOKUP($B12,Constraints!$C$2:$AK$86,26, FALSE) -> 12
A13: Row | B13: ROW-R3-Z2W-R2 | E13: FALSE | F13: =VLOOKUP($B13,Constraints!$C$2:$Z$86,15, FALSE) -> 360 | I13: =F13/0.8 -> 450 | L13: =VLOOKUP($B13,Constraints!$C$2:$AK$86,26, FALSE) -> 12
... A27: Row | B27: ROW-R5-Z2E-R2 | E27: FALSE | F27: =VLOOKUP($B27,Constraints!$C$2:$Z$86,15, FALSE) -> 0 | I27: =F27/0.8 -> 0 | L27: =VLOOKUP($B27,Constraints!$C$2:$AK$86,26, FALSE) -> 0
A28: RPP | B28: RPP-R1-1 | E28: FALSE | F28: =VLOOKUP($B28,Constraints!$C$2:$Z$86,15, FALSE) -> 0 | I28: =F28/0.8 -> 0 | L28: =VLOOKUP($B28,Constraints!$C$2:$AK$86,26, FALSE) -> 0 | M28: RPP_Panel_Capacity_(design) | N28: =VLOOKUP($B28,Constraints!$C$28:$F$86,4,FALSE) -> 230 | O28: =VLOOKUP($A28,'Capacity Name Ref'!$A$2:$G$16,6,FALSE) -> Device_Capacity_Margin | P28: =N28-F28 -> 230 | Q28: =O28&"%" -> Device_Capacity_Margin% | R28: =P28/N28 -> 1
A29: RPP | B29: RPP-R1-2 | E29: FALSE | F29: =VLOOKUP($B29,Constraints!$C$2:$Z$86,15, FALSE) -> 0 | I29: =F29/0.8 -> 0 | L29: =VLOOKUP($B29,Constraints!$C$2:$AK$86,26, FALSE) -> 0 | M29: RPP_Panel_Capacity_(design) | N29: =VLOOKUP($B29,Constraints!$C$28:$F$86,4,FALSE) -> 230 | O29: =VLOOKUP($A29,'Capacity Name Ref'!$A$2:$G$16,6,FALSE) -> Device_Capacity_Margin | P29: =N29-F29 -> 230 | Q29: =O29&"%" -> Device_Capacity_Margin% | R29: =P29/N29 -> 1
A30: RPP | B30: RPP-R2-1 | E30: FALSE | F30: =VLOOKUP($B30,Constraints!$C$2:$Z$86,15, FALSE) -> 0 | I30: =F30/0.8 -> 0 | L30: =VLOOKUP($B30,Constraints!$C$2:$AK$86,26, FALSE) -> 0 | M30: RPP_Panel_Capacity_(design) | N30: =VLOOKUP($B30,Constraints!$C$28:$F$86,4,FALSE) -> 230 | O30: =VLOOKUP($A30,'Capacity Name Ref'!$A$2:$G$16,6,FALSE) -> Device_Capacity_Margin | P30: =N30-F30 -> 230 | Q30: =O30&"%" -> Device_Capacity_Margin% | R30: =P30/N30 -> 1
A31: RPP | B31: RPP-R2-2 | E31: FALSE | F31: =VLOOKUP($B31,Constraints!$C$2:$Z$86,15, FALSE) -> 0 | I31: =F31/0.8 -> 0 | L31: =VLOOKUP($B31,Constraints!$C$2:$AK$86,26, FALSE) -> 0 | M31: RPP_Panel_Capacity_(design) | N31: =VLOOKUP($B31,Constraints!$C$28:$F$86,4,FALSE) -> 230 | O31: =VLOOKUP($A31,'Capacity Name Ref'!$A$2:$G$16,6,FALSE) -> Device_Capacity_Margin | P31: =N31-F31 -> 230 | Q31: =O31&"%" -> Device_Capacity_Margin% | R31: =P31/N31 -> 1
A32: RPP | B32: RPP-R3-A1 | E32: FALSE | F32: =VLOOKUP($B32,Constraints!$C$2:$Z$86,15, FALSE) -> 960 | I32: =F32/0.8 -> 1200 | L32: =VLOOKUP($B32,Constraints!$C$2:$AK$86,26, FALSE) -> 32 | M32: RPP_Panel_Capacity_(design) | N32: =VLOOKUP($B32,Constraints!$C$28:$F$86,4,FALSE) -> 920 | O32: =VLOOKUP($A32,'Capacity Name Ref'!$A$2:$G$16,6,FALSE) -> Device_Capacity_Margin | P32: =N32-F32 -> -40 | Q32: =O32&"%" -> Device_Capacity_Margin% | R32: =P32/N32 -> -0.043478261
A33: RPP | B33: RPP-R3-A2 | E33: FALSE | F33: =VLOOKUP($B33,Constraints!$C$2:$Z$86,15, FALSE) -> 600 | I33: =F33/0.8 -> 750 | L33: =VLOOKUP($B33,Constraints!$C$2:$AK$86,26, FALSE) -> 20 | M33: RPP_Panel_Capacity_(design) | N33: =VLOOKUP($B33,Constraints!$C$28:$F$86,4,FALSE) -> 920 | O33: =VLOOKUP($A33,'Capacity Name Ref'!$A$2:$G$16,6,FALSE) -> Device_Capacity_Margin | P33: =N33-F33 -> 320 | Q33: =O33&"%" -> Device_Capacity_Margin% | R33: =P33/N33 -> 0.34782609
A34: RPP | B34: RPP-R3-A3 | E34: FALSE | F34: =VLOOKUP($B34,Constraints!$C$2:$Z$86,15, FALSE) -> 0 | I34: =F34/0.8 -> 0 | L34: =VLOOKUP($B34,Constraints!$C$2:$AK$86,26, FALSE) -> 0 | M34: RPP_Panel_Capacity_(design) | N34: =VLOOKUP($B34,Constraints!$C$28:$F$86,4,FALSE) -> 920 | O34: =VLOOKUP($A34,'Capacity Name Ref'!$A$2:$G$16,6,FALSE) -> Device_Capacity_Margin | P34: =N34-F34 -> 920 | Q34: =O34&"%" -> Device_Capacity_Margin% | R34: =P34/N34 -> 1
A35: RPP | B35: RPP-R3-A4 | E35: FALSE | F35: =VLOOKUP($B35,Constraints!$C$2:$Z$86,15, FALSE) -> 0 | I35: =F35/0.8 -> 0 | L35: =VLOOKUP($B35,Constraints!$C$2:$AK$86,26, FALSE) -> 0 | M35: RPP_Panel_Capacity_(design) | N35: =VLOOKUP($B35,Constraints!$C$28:$F$86,4,FALSE) -> 920 | O35: =VLOOKUP($A35,'Capacity Name Ref'!$A$2:$G$16,6,FALSE) -> Device_Capacity_Margin | P35: =N35-F35 -> 920 | Q35: =O35&"%" -> Device_Capacity_Margin% | R35: =P35/N35 -> 1
A36: RPP | B36: RPP-R4-A5 | E36: FALSE | F36: =VLOOKUP($B36,Constraints!$C$2:$Z$86,15, FALSE) -> 0 | I36: =F36/0.8 -> 0 | L36: =VLOOKUP($B36,Constraints!$C$2:$AK$86,26, FALSE) -> 0 | M36: RPP_Panel_Capacity_(design) | N36: =VLOOKUP($B36,Constraints!$C$28:$F$86,4,FALSE) -> 345 | O36: =VLOOKUP($A36,'Capacity Name Ref'!$A$2:$G$16,6,FALSE) -> Device_Capacity_Margin | P36: =N36-F36 -> 345 | Q36: =O36&"%" -> Device_Capacity_Margin% | R36: =P36/N36 -> 1
A37: RPP | B37: RPP-R4-A6 | E37: FALSE | F37: =VLOOKUP($B37,Constraints!$C$2:$Z$86,15, FALSE) -> 0 | I37: =F37/0.8 -> 0 | L37: =VLOOKUP($B37,Constraints!$C$2:$AK$86,26, FALSE) -> 0 | M37: RPP_Panel_Capacity_(design) | N37: =VLOOKUP($B37,Constraints!$C$28:$F$86,4,FALSE) -> 345 | O37: =VLOOKUP($A37,'Capacity Name Ref'!$A$2:$G$16,6,FALSE) -> Device_Capacity_Margin | P37: =N37-F37 -> 345 | Q37: =O37&"%" -> Device_Capacity_Margin% | R37: =P37/N37 -> 1
A38: RPP | B38: RPP-R5-A1 | E38: FALSE | F38: =VLOOKUP($B38,Constraints!$C$2:$Z$86,15, FALSE) -> 0 | I38: =F38/0.8 -> 0 | L38: =VLOOKUP($B38,Constraints!$C$2:$AK$86,26, FALSE) -> 0 | M38: RPP_Panel_Capacity_(design) | N38: =VLOOKUP($B38,Constraints!$C$28:$F$86,4,FALSE) -> 920 | O38: =VLOOKUP($A38,'Capacity Name Ref'!$A$2:$G$16,6,FALSE) -> Device_Capacity_Margin | P38: =N38-F38 -> 920 | Q38: =O38&"%" -> Device_Capacity_Margin% | R38: =P38/N38 -> 1
A39: RPP | B39: RPP-R5-A2 | E39: FALSE | F39: =VLOOKUP($B39,Constraints!$C$2:$Z$86,15, FALSE) -> 0 | I39: =F39/0.8 -> 0 | L39: =VLOOKUP($B39,Constraints!$C$2:$AK$86,26, FALSE) -> 0 | M39: RPP_Panel_Capacity_(design) | N39: =VLOOKUP($B39,Constraints!$C$28:$F$86,4,FALSE) -> 920 | O39: =VLOOKUP($A39,'Capacity Name Ref'!$A$2:$G$16,6,FALSE) -> Device_Capacity_Margin | P39: =N39-F39 -> 920 | Q39: =O39&"%" -> Device_Capacity_Margin% | R39: =P39/N39 -> 1
... A51: RPP | B51: RPP-R5-B4 | E51: FALSE | F51: =VLOOKUP($B51,Constraints!$C$2:$Z$86,15, FALSE) -> 0 | I51: =F51/0.8 -> 0 | L51: =VLOOKUP($B51,Constraints!$C$2:$AK$86,26, FALSE) -> 0 | M51: RPP_Panel_Capacity_(design) | N51: =VLOOKUP($B51,Constraints!$C$28:$F$86,4,FALSE) -> 920 | O51: =VLOOKUP($A51,'Capacity Name Ref'!$A$2:$G$16,6,FALSE) -> Device_Capacity_Margin | P51: =N51-F51 -> 920 | Q51: =O51&"%" -> Device_Capacity_Margin% | R51: =P51/N51 -> 1
A52: Liquid Loop | B52: LL-R1 | E52: FALSE | H52: =VLOOKUP($B52,Constraints!$C$2:$Z$86,15, FALSE) -> 0 | K52: =H52/0.8 -> 0 | L52: =VLOOKUP($B52,Constraints!$C$2:$AK$86,26, FALSE) -> 0 | M52: LL_Cooling_Capacity | N52: =VLOOKUP($B52,Constraints!$C$28:$F$86,4,FALSE) -> 200 | O52: =VLOOKUP($A52,'Capacity Name Ref'!$A$2:$G$16,6,FALSE) -> Local_Capacity_Margin | P52: =N52-H52 -> 200 | Q52: =O52&"%" -> Local_Capacity_Margin% | R52: =P52/N52 -> 1
A53: Liquid Loop | B53: LL-R2 | E53: FALSE | H53: =VLOOKUP($B53,Constraints!$C$2:$Z$86,15, FALSE) -> 0 | K53: =H53/0.8 -> 0 | L53: =VLOOKUP($B53,Constraints!$C$2:$AK$86,26, FALSE) -> 0 | M53: LL_Cooling_Capacity | N53: =VLOOKUP($B53,Constraints!$C$28:$F$86,4,FALSE) -> 200 | O53: =VLOOKUP($A53,'Capacity Name Ref'!$A$2:$G$16,6,FALSE) -> Local_Capacity_Margin | P53: =N53-H53 -> 200 | Q53: =O53&"%" -> Local_Capacity_Margin% | R53: =P53/N53 -> 1
A54: Liquid Loop | B54: LL-R3-E | E54: FALSE | H54: =VLOOKUP($B54,Constraints!$C$2:$Z$86,15, FALSE) -> 0 | K54: =H54/0.8 -> 0 | L54: =VLOOKUP($B54,Constraints!$C$2:$AK$86,26, FALSE) -> 0 | M54: LL_Cooling_Capacity | N54: =VLOOKUP($B54,Constraints!$C$28:$F$86,4,FALSE) -> 2000 | O54: =VLOOKUP($A54,'Capacity Name Ref'!$A$2:$G$16,6,FALSE) -> Local_Capacity_Margin | P54: =N54-H54 -> 2000 | Q54: =O54&"%" -> Local_Capacity_Margin% | R54: =P54/N54 -> 1
A55: Liquid Loop | B55: LL-R3-W | E55: FALSE | H55: =VLOOKUP($B55,Constraints!$C$2:$Z$86,15, FALSE) -> 1170 | K55: =H55/0.8 -> 1462.5 | L55: =VLOOKUP($B55,Constraints!$C$2:$AK$86,26, FALSE) -> 52 | M55: LL_Cooling_Capacity | N55: =VLOOKUP($B55,Constraints!$C$28:$F$86,4,FALSE) -> 1000 | O55: =VLOOKUP($A55,'Capacity Name Ref'!$A$2:$G$16,6,FALSE) -> Local_Capacity_Margin | P55: =N55-H55 -> -170 | Q55: =O55&"%" -> Local_Capacity_Margin% | R55: =P55/N55 -> -0.17
A56: Liquid Loop | B56: LL-R4 | E56: FALSE | H56: =VLOOKUP($B56,Constraints!$C$2:$Z$86,15, FALSE) -> 0 | K56: =H56/0.8 -> 0 | L56: =VLOOKUP($B56,Constraints!$C$2:$AK$86,26, FALSE) -> 0 | M56: LL_Cooling_Capacity | N56: =VLOOKUP($B56,Constraints!$C$28:$F$86,4,FALSE) -> 500 | O56: =VLOOKUP($A56,'Capacity Name Ref'!$A$2:$G$16,6,FALSE) -> Local_Capacity_Margin | P56: =N56-H56 -> 500 | Q56: =O56&"%" -> Local_Capacity_Margin% | R56: =P56/N56 -> 1
A57: Liquid Loop | B57: LL-R5-E | E57: FALSE | H57: =VLOOKUP($B57,Constraints!$C$2:$Z$86,15, FALSE) -> 0 | K57: =H57/0.8 -> 0 | L57: =VLOOKUP($B57,Constraints!$C$2:$AK$86,26, FALSE) -> 0 | M57: LL_Cooling_Capacity | N57: =VLOOKUP($B57,Constraints!$C$28:$F$86,4,FALSE) -> 1500 | O57: =VLOOKUP($A57,'Capacity Name Ref'!$A$2:$G$16,6,FALSE) -> Local_Capacity_Margin | P57: =N57-H57 -> 1500 | Q57: =O57&"%" -> Local_Capacity_Margin% | R57: =P57/N57 -> 1
A58: Liquid Loop | B58: LL-R5-W | E58: FALSE | H58: =VLOOKUP($B58,Constraints!$C$2:$Z$86,15, FALSE) -> 0 | K58: =H58/0.8 -> 0 | L58: =VLOOKUP($B58,Constraints!$C$2:$AK$86,26, FALSE) -> 0 | M58: LL_Cooling_Capacity | N58: =VLOOKUP($B58,Constraints!$C$28:$F$86,4,FALSE) -> 1500 | O58: =VLOOKUP($A58,'Capacity Name Ref'!$A$2:$G$16,6,FALSE) -> Local_Capacity_Margin | P58: =N58-H58 -> 1500 | Q58: =O58&"%" -> Local_Capacity_Margin% | R58: =P58/N58 -> 1
A59: Air Zone | B59: AIRZONE-R1 | E59: FALSE | G59: =VLOOKUP($B59,Constraints!$C$2:$Z$86,15, FALSE) -> 0 | J59: =G59/0.8 -> 0 | L59: =VLOOKUP($B59,Constraints!$C$2:$AK$86,26, FALSE) -> 0 | M59: AirZone_Cooling_Capacity | N59: =VLOOKUP($B59,Constraints!$C$28:$F$86,4,FALSE) -> 270 | O59: =VLOOKUP($A59,'Capacity Name Ref'!$A$2:$G$16,6,FALSE) -> Local_Capacity_Margin | P59: =N59-G59 -> 270 | Q59: =O59&"%" -> Local_Capacity_Margin% | R59: =P59/N59 -> 1
A60: Air Zone | B60: AIRZONE-R2 | E60: FALSE | G60: =VLOOKUP($B60,Constraints!$C$2:$Z$86,15, FALSE) -> 0 | J60: =G60/0.8 -> 0 | L60: =VLOOKUP($B60,Constraints!$C$2:$AK$86,26, FALSE) -> 0 | M60: AirZone_Cooling_Capacity | N60: =VLOOKUP($B60,Constraints!$C$28:$F$86,4,FALSE) -> 270 | O60: =VLOOKUP($A60,'Capacity Name Ref'!$A$2:$G$16,6,FALSE) -> Local_Capacity_Margin | P60: =N60-G60 -> 270 | Q60: =O60&"%" -> Local_Capacity_Margin% | R60: =P60/N60 -> 1
A61: Air Zone | B61: AIRZONE-R3-E1 | E61: FALSE | G61: =VLOOKUP($B61,Constraints!$C$2:$Z$86,15, FALSE) -> 0 | J61: =G61/0.8 -> 0 | L61: =VLOOKUP($B61,Constraints!$C$2:$AK$86,26, FALSE) -> 0 | M61: AirZone_Cooling_Capacity | N61: =VLOOKUP($B61,Constraints!$C$28:$F$86,4,FALSE) -> 240 | O61: =VLOOKUP($A61,'Capacity Name Ref'!$A$2:$G$16,6,FALSE) -> Local_Capacity_Margin | P61: =N61-G61 -> 240 | Q61: =O61&"%" -> Local_Capacity_Margin% | R61: =P61/N61 -> 1
A62: Air Zone | B62: AIRZONE-R3-E2 | E62: FALSE | G62: =VLOOKUP($B62,Constraints!$C$2:$Z$86,15, FALSE) -> 0 | J62: =G62/0.8 -> 0 | L62: =VLOOKUP($B62,Constraints!$C$2:$AK$86,26, FALSE) -> 0 | M62: AirZone_Cooling_Capacity | N62: =VLOOKUP($B62,Constraints!$C$28:$F$86,4,FALSE) -> 180 | O62: =VLOOKUP($A62,'Capacity Name Ref'!$A$2:$G$16,6,FALSE) -> Local_Capacity_Margin | P62: =N62-G62 -> 180 | Q62: =O62&"%" -> Local_Capacity_Margin% | R62: =P62/N62 -> 1
A63: Air Zone | B63: AIRZONE-R3-W1 | E63: FALSE | G63: =VLOOKUP($B63,Constraints!$C$2:$Z$86,15, FALSE) -> 300 | J63: =G63/0.8 -> 375 | L63: =VLOOKUP($B63,Constraints!$C$2:$AK$86,26, FALSE) -> 40 | M63: AirZone_Cooling_Capacity | N63: =VLOOKUP($B63,Constraints!$C$28:$F$86,4,FALSE) -> 240 | O63: =VLOOKUP($A63,'Capacity Name Ref'!$A$2:$G$16,6,FALSE) -> Local_Capacity_Margin | P63: =N63-G63 -> -60 | Q63: =O63&"%" -> Local_Capacity_Margin% | R63: =P63/N63 -> -0.25
A64: Air Zone | B64: AIRZONE-R3-W2 | E64: FALSE | G64: =VLOOKUP($B64,Constraints!$C$2:$Z$86,15, FALSE) -> 90 | J64: =G64/0.8 -> 112.5 | L64: =VLOOKUP($B64,Constraints!$C$2:$AK$86,26, FALSE) -> 12 | M64: AirZone_Cooling_Capacity | N64: =VLOOKUP($B64,Constraints!$C$28:$F$86,4,FALSE) -> 180 | O64: =VLOOKUP($A64,'Capacity Name Ref'!$A$2:$G$16,6,FALSE) -> Local_Capacity_Margin | P64: =N64-G64 -> 90 | Q64: =O64&"%" -> Local_Capacity_Margin% | R64: =P64/N64 -> 0.5
A65: Air Zone | B65: AIRZONE-R4 | E65: FALSE | G65: =VLOOKUP($B65,Constraints!$C$2:$Z$86,15, FALSE) -> 0 | J65: =G65/0.8 -> 0 | L65: =VLOOKUP($B65,Constraints!$C$2:$AK$86,26, FALSE) -> 0 | M65: AirZone_Cooling_Capacity | N65: =VLOOKUP($B65,Constraints!$C$28:$F$86,4,FALSE) -> 180 | O65: =VLOOKUP($A65,'Capacity Name Ref'!$A$2:$G$16,6,FALSE) -> Local_Capacity_Margin | P65: =N65-G65 -> 180 | Q65: =O65&"%" -> Local_Capacity_Margin% | R65: =P65/N65 -> 1
A66: Air Zone | B66: AIRZONE-R5-E | E66: FALSE | G66: =VLOOKUP($B66,Constraints!$C$2:$Z$86,15, FALSE) -> 0 | J66: =G66/0.8 -> 0 | L66: =VLOOKUP($B66,Constraints!$C$2:$AK$86,26, FALSE) -> 0 | M66: AirZone_Cooling_Capacity | N66: =VLOOKUP($B66,Constraints!$C$28:$F$86,4,FALSE) -> 270 | O66: =VLOOKUP($A66,'Capacity Name Ref'!$A$2:$G$16,6,FALSE) -> Local_Capacity_Margin | P66: =N66-G66 -> 270 | Q66: =O66&"%" -> Local_Capacity_Margin% | R66: =P66/N66 -> 1
A67: Air Zone | B67: AIRZONE-R5-W | E67: FALSE | G67: =VLOOKUP($B67,Constraints!$C$2:$Z$86,15, FALSE) -> 0 | J67: =G67/0.8 -> 0 | L67: =VLOOKUP($B67,Constraints!$C$2:$AK$86,26, FALSE) -> 0 | M67: AirZone_Cooling_Capacity | N67: =VLOOKUP($B67,Constraints!$C$28:$F$86,4,FALSE) -> 270 | O67: =VLOOKUP($A67,'Capacity Name Ref'!$A$2:$G$16,6,FALSE) -> Local_Capacity_Margin | P67: =N67-G67 -> 270 | Q67: =O67&"%" -> Local_Capacity_Margin% | R67: =P67/N67 -> 1
A68: Room PDU | B68: RPDU-R1 | E68: FALSE | F68: =VLOOKUP($B68,Constraints!$C$2:$Z$86,15, FALSE) -> 0 | I68: =F68/0.8 -> 0 | L68: =VLOOKUP($B68,Constraints!$C$2:$AK$86,26, FALSE) -> 0 | M68: RPDU_Operational_Cap | N68: =VLOOKUP($B68,Constraints!$C$28:$F$86,4,FALSE) -> 400 | O68: =VLOOKUP($A68,'Capacity Name Ref'!$A$2:$G$16,6,FALSE) -> Local_Capacity_Margin | P68: =N68-F68 -> 400 | Q68: =O68&"%" -> Local_Capacity_Margin% | R68: =P68/N68 -> 1 | S68: RPDU_Design_Capacity | T68: =VLOOKUP($B68,Constraints!$C$68:$H$78,6,FALSE) -> 480 | U68: Device_Capacity_Margin | V68: =T68-F68 -> 480 | W68: Device_Capacity_Margin% | X68: =V68/T68 -> 1
A69: Room PDU | B69: RPDU-R2 | E69: FALSE | F69: =VLOOKUP($B69,Constraints!$C$2:$Z$86,15, FALSE) -> 0 | I69: =F69/0.8 -> 0 | L69: =VLOOKUP($B69,Constraints!$C$2:$AK$86,26, FALSE) -> 0 | M69: RPDU_Operational_Cap | N69: =VLOOKUP($B69,Constraints!$C$28:$F$86,4,FALSE) -> 400 | O69: =VLOOKUP($A69,'Capacity Name Ref'!$A$2:$G$16,6,FALSE) -> Local_Capacity_Margin | P69: =N69-F69 -> 400 | Q69: =O69&"%" -> Local_Capacity_Margin% | R69: =P69/N69 -> 1 | S69: RPDU_Design_Capacity | T69: =VLOOKUP($B69,Constraints!$C$68:$H$78,6,FALSE) -> 480 | U69: Device_Capacity_Margin | V69: =T69-F69 -> 480 | W69: Device_Capacity_Margin% | X69: =V69/T69 -> 1
A70: Room PDU | B70: RPDU-R3-A | E70: FALSE | F70: =VLOOKUP($B70,Constraints!$C$2:$Z$86,15, FALSE) -> 1560 | I70: =F70/0.8 -> 1950 | L70: =VLOOKUP($B70,Constraints!$C$2:$AK$86,26, FALSE) -> 52 | M70: RPDU_Operational_Cap | N70: =VLOOKUP($B70,Constraints!$C$28:$F$86,4,FALSE) -> 4000 | O70: =VLOOKUP($A70,'Capacity Name Ref'!$A$2:$G$16,6,FALSE) -> Local_Capacity_Margin | P70: =N70-F70 -> 2440 | Q70: =O70&"%" -> Local_Capacity_Margin% | R70: =P70/N70 -> 0.61 | S70: RPDU_Design_Capacity | T70: =VLOOKUP($B70,Constraints!$C$68:$H$78,6,FALSE) -> 4000 | U70: Device_Capacity_Margin | V70: =T70-F70 -> 2440 | W70: Device_Capacity_Margin% | X70: =V70/T70 -> 0.61
A71: Room PDU | B71: RPDU-R4-A | E71: FALSE | F71: =VLOOKUP($B71,Constraints!$C$2:$Z$86,15, FALSE) -> 0 | I71: =F71/0.8 -> 0 | L71: =VLOOKUP($B71,Constraints!$C$2:$AK$86,26, FALSE) -> 0 | M71: RPDU_Operational_Cap | N71: =VLOOKUP($B71,Constraints!$C$28:$F$86,4,FALSE) -> 2500 | O71: =VLOOKUP($A71,'Capacity Name Ref'!$A$2:$G$16,6,FALSE) -> Local_Capacity_Margin | P71: =N71-F71 -> 2500 | Q71: =O71&"%" -> Local_Capacity_Margin% | R71: =P71/N71 -> 1 | S71: RPDU_Design_Capacity | T71: =VLOOKUP($B71,Constraints!$C$68:$H$78,6,FALSE) -> 3200 | U71: Device_Capacity_Margin | V71: =T71-F71 -> 3200 | W71: Device_Capacity_Margin% | X71: =V71/T71 -> 1
A72: Room PDU | B72: RPDU-R5-A | E72: FALSE | F72: =VLOOKUP($B72,Constraints!$C$2:$Z$86,15, FALSE) -> 0 | I72: =F72/0.8 -> 0 | L72: =VLOOKUP($B72,Constraints!$C$2:$AK$86,26, FALSE) -> 0 | M72: RPDU_Operational_Cap | N72: =VLOOKUP($B72,Constraints!$C$28:$F$86,4,FALSE) -> 3000 | O72: =VLOOKUP($A72,'Capacity Name Ref'!$A$2:$G$16,6,FALSE) -> Local_Capacity_Margin | P72: =N72-F72 -> 3000 | Q72: =O72&"%" -> Local_Capacity_Margin% | R72: =P72/N72 -> 1 | S72: RPDU_Design_Capacity | T72: =VLOOKUP($B72,Constraints!$C$68:$H$78,6,FALSE) -> 3200 | U72: Device_Capacity_Margin | V72: =T72-F72 -> 3200 | W72: Device_Capacity_Margin% | X72: =V72/T72 -> 1
A73: Room PDU | B73: RPDU-R3-B | E73: FALSE | F73: =VLOOKUP($B73,Constraints!$C$2:$Z$86,15, FALSE) -> 780 | I73: =F73/0.8 -> 975 | L73: =VLOOKUP($B73,Constraints!$C$2:$AK$86,26, FALSE) -> 0 | M73: RPDU_Operational_Cap | N73: =VLOOKUP($B73,Constraints!$C$28:$F$86,4,FALSE) -> 960 | O73: =VLOOKUP($A73,'Capacity Name Ref'!$A$2:$G$16,6,FALSE) -> Local_Capacity_Margin | P73: =N73-F73 -> 180 | Q73: =O73&"%" -> Local_Capacity_Margin% | R73: =P73/N73 -> 0.1875 | S73: RPDU_Design_Capacity | T73: =VLOOKUP($B73,Constraints!$C$68:$H$78,6,FALSE) -> 960 | U73: Device_Capacity_Margin | V73: =T73-F73 -> 180 | W73: Device_Capacity_Margin% | X73: =V73/T73 -> 0.1875
A74: Room PDU | B74: RPDU-R3R4-B | E74: FALSE | F74: =VLOOKUP($B74,Constraints!$C$2:$Z$86,15, FALSE) -> 780 | I74: =F74/0.8 -> 975 | L74: =VLOOKUP($B74,Constraints!$C$2:$AK$86,26, FALSE) -> 0 | M74: RPDU_Operational_Cap | N74: =VLOOKUP($B74,Constraints!$C$28:$F$86,4,FALSE) -> 4000 | O74: =VLOOKUP($A74,'Capacity Name Ref'!$A$2:$G$16,6,FALSE) -> Local_Capacity_Margin | P74: =N74-F74 -> 3220 | Q74: =O74&"%" -> Local_Capacity_Margin% | R74: =P74/N74 -> 0.805 | S74: RPDU_Design_Capacity | T74: =VLOOKUP($B74,Constraints!$C$68:$H$78,6,FALSE) -> 4000 | U74: Device_Capacity_Margin | V74: =T74-F74 -> 3220 | W74: Device_Capacity_Margin% | X74: =V74/T74 -> 0.805
A75: Room PDU | B75: RPDU-R5-B | E75: FALSE | F75: =VLOOKUP($B75,Constraints!$C$2:$Z$86,15, FALSE) -> 0 | I75: =F75/0.8 -> 0 | L75: =VLOOKUP($B75,Constraints!$C$2:$AK$86,26, FALSE) -> 0 | M75: RPDU_Operational_Cap | N75: =VLOOKUP($B75,Constraints!$C$28:$F$86,4,FALSE) -> 3000 | O75: =VLOOKUP($A75,'Capacity Name Ref'!$A$2:$G$16,6,FALSE) -> Local_Capacity_Margin | P75: =N75-F75 -> 3000 | Q75: =O75&"%" -> Local_Capacity_Margin% | R75: =P75/N75 -> 1 | S75: RPDU_Design_Capacity | T75: =VLOOKUP($B75,Constraints!$C$68:$H$78,6,FALSE) -> 3200 | U75: Device_Capacity_Margin | V75: =T75-F75 -> 3200 | W75: Device_Capacity_Margin% | X75: =V75/T75 -> 1
A76: UPS | B76: UPS-01 | E76: FALSE | F76: =VLOOKUP($B76,Constraints!$C$2:$Z$86,15, FALSE) -> 0 | I76: =F76/0.8 -> 0 | L76: =VLOOKUP($B76,Constraints!$C$2:$AK$86,26, FALSE) -> 0 | M76: UPS_Operational_Cap | N76: =VLOOKUP($B76,Constraints!$C$28:$F$86,4,FALSE) -> 780 | O76: =VLOOKUP($A76,'Capacity Name Ref'!$A$2:$G$16,6,FALSE) -> Local_Capacity_Margin | P76: =N76-F76 -> 780 | Q76: =O76&"%" -> Local_Capacity_Margin% | R76: =P76/N76 -> 1 | S76: UPS_Design_Capacity | T76: =VLOOKUP($B76,Constraints!$C$68:$H$78,6,FALSE) -> 800 | U76: Device_Capacity_Margin | V76: =T76-F76 -> 800 | W76: Device_Capacity_Margin% | X76: =V76/T76 -> 1
A77: UPS | B77: UPS-02-A | E77: FALSE | F77: =VLOOKUP($B77,Constraints!$C$2:$Z$86,15, FALSE) -> 1560 | I77: =F77/0.8 -> 1950 | L77: =VLOOKUP($B77,Constraints!$C$2:$AK$86,26, FALSE) -> 52 | M77: UPS_Operational_Cap | N77: =VLOOKUP($B77,Constraints!$C$28:$F$86,4,FALSE) -> 9000 | O77: =VLOOKUP($A77,'Capacity Name Ref'!$A$2:$G$16,6,FALSE) -> Local_Capacity_Margin | P77: =N77-F77 -> 7440 | Q77: =O77&"%" -> Local_Capacity_Margin% | R77: =P77/N77 -> 0.82666667 | S77: UPS_Design_Capacity | T77: =VLOOKUP($B77,Constraints!$C$68:$H$78,6,FALSE) -> 9600 | U77: Device_Capacity_Margin | V77: =T77-F77 -> 8040 | W77: Device_Capacity_Margin% | X77: =V77/T77 -> 0.8375
A78: UPS | B78: UPS-02-B | E78: FALSE | F78: =VLOOKUP($B78,Constraints!$C$2:$Z$86,15, FALSE) -> 1560 | I78: =F78/0.8 -> 1950 | L78: =VLOOKUP($B78,Constraints!$C$2:$AK$86,26, FALSE) -> 0 | M78: UPS_Operational_Cap | N78: =VLOOKUP($B78,Constraints!$C$28:$F$86,4,FALSE) -> 9000 | O78: =VLOOKUP($A78,'Capacity Name Ref'!$A$2:$G$16,6,FALSE) -> Local_Capacity_Margin | P78: =N78-F78 -> 7440 | Q78: =O78&"%" -> Local_Capacity_Margin% | R78: =P78/N78 -> 0.82666667 | S78: UPS_Design_Capacity | T78: =VLOOKUP($B78,Constraints!$C$68:$H$78,6,FALSE) -> 9600 | U78: Device_Capacity_Margin | V78: =T78-F78 -> 8040 | W78: Device_Capacity_Margin% | X78: =V78/T78 -> 0.8375
A79: Cooling Distribution | B79: CDIST-A-02 | E79: FALSE | G79: =VLOOKUP($B79,Constraints!$C$2:$Z$86,15, FALSE) -> 1170 | J79: =G79/0.8 -> 1462.5 | L79: =VLOOKUP($B79,Constraints!$C$2:$AK$86,26, FALSE) -> 52 | N79: =VLOOKUP($B79,Constraints!$C$28:$F$86,4,FALSE) -> 2000 | O79: =VLOOKUP($A79,'Capacity Name Ref'!$A$2:$G$16,6,FALSE) -> Local_Capacity_Margin | P79: =N79-F79 -> 2000 | Q79: =O79&"%" -> Local_Capacity_Margin% | R79: =P79/N79 -> 1
A80: Cooling Distribution | B80: CDIST-L-02 | E80: FALSE | H80: =VLOOKUP($B80,Constraints!$C$2:$Z$86,15, FALSE) -> 390 | K80: =H80/0.8 -> 487.5 | L80: =VLOOKUP($B80,Constraints!$C$2:$AK$86,26, FALSE) -> 52 | N80: =VLOOKUP($B80,Constraints!$C$28:$F$86,4,FALSE) -> 7000 | O80: =VLOOKUP($A80,'Capacity Name Ref'!$A$2:$G$16,6,FALSE) -> Local_Capacity_Margin | P80: =N80-F80 -> 7000 | Q80: =O80&"%" -> Local_Capacity_Margin% | R80: =P80/N80 -> 1
A81: Capacity Cell | B81: CC-R1R2 | E81: FALSE | F81: =VLOOKUP($B81,Constraints!$C$2:$Z$86,15, FALSE) -> 0 | I81: =F81/0.8 -> 0 | L81: =VLOOKUP($B81,Constraints!$C$2:$AK$86,26, FALSE) -> 0 | M81: Capacity_Envelope | N81: =VLOOKUP($B81,Constraints!$C$28:$F$86,4,FALSE) -> 920 | O81: =VLOOKUP($A81,'Capacity Name Ref'!$A$2:$G$16,6,FALSE) -> Cell_Margin | P81: =N81-F81 -> 920 | Q81: =O81&"%" -> Cell_Margin% | R81: =P81/N81 -> 1
A82: Capacity Cell | B82: CC-R3 | E82: FALSE | F82: =VLOOKUP($B82,Constraints!$C$2:$Z$86,15, FALSE) -> 1560 | I82: =F82/0.8 -> 1950 | L82: =VLOOKUP($B82,Constraints!$C$2:$AK$86,26, FALSE) -> 52 | M82: Capacity_Envelope | N82: =VLOOKUP($B82,Constraints!$C$28:$F$86,4,FALSE) -> 3680 | O82: =VLOOKUP($A82,'Capacity Name Ref'!$A$2:$G$16,6,FALSE) -> Cell_Margin | P82: =N82-F82 -> 2120 | Q82: =O82&"%" -> Cell_Margin% | R82: =P82/N82 -> 0.57608696
A83: Capacity Cell | B83: CC-R4 | E83: FALSE | F83: =VLOOKUP($B83,Constraints!$C$2:$Z$86,15, FALSE) -> 0 | I83: =F83/0.8 -> 0 | L83: =VLOOKUP($B83,Constraints!$C$2:$AK$86,26, FALSE) -> 0 | M83: Capacity_Envelope | N83: =VLOOKUP($B83,Constraints!$C$28:$F$86,4,FALSE) -> 680 | O83: =VLOOKUP($A83,'Capacity Name Ref'!$A$2:$G$16,6,FALSE) -> Cell_Margin | P83: =N83-F83 -> 680 | Q83: =O83&"%" -> Cell_Margin% | R83: =P83/N83 -> 1
A84: Capacity Cell | B84: CC-R5E | E84: FALSE | F84: =VLOOKUP($B84,Constraints!$C$2:$Z$86,15, FALSE) -> 0 | I84: =F84/0.8 -> 0 | L84: =VLOOKUP($B84,Constraints!$C$2:$AK$86,26, FALSE) -> 0 | M84: Capacity_Envelope | N84: =VLOOKUP($B84,Constraints!$C$28:$F$86,4,FALSE) -> 1770 | O84: =VLOOKUP($A84,'Capacity Name Ref'!$A$2:$G$16,6,FALSE) -> Cell_Margin | P84: =N84-F84 -> 1770 | Q84: =O84&"%" -> Cell_Margin% | R84: =P84/N84 -> 1
A85: Capacity Cell | B85: CC-R5W | E85: FALSE | F85: =VLOOKUP($B85,Constraints!$C$2:$Z$86,15, FALSE) -> 0 | I85: =F85/0.8 -> 0 | L85: =VLOOKUP($B85,Constraints!$C$2:$AK$86,26, FALSE) -> 0 | M85: Capacity_Envelope | N85: =VLOOKUP($B85,Constraints!$C$28:$F$86,4,FALSE) -> 1770 | O85: =VLOOKUP($A85,'Capacity Name Ref'!$A$2:$G$16,6,FALSE) -> Cell_Margin | P85: =N85-F85 -> 1770 | Q85: =O85&"%" -> Cell_Margin% | R85: =P85/N85 -> 1
A86: Row | B86: ROW-R1-Z1-R1 | C86: SJ-Pacific-C01 | D86: SJ-Pacific-C01-PD01 | E86: TRUE | F86: =VLOOKUP($B86,Constraints!$C$2:$Z$86,16, FALSE) -> 0 | I86: =F86/0.8 -> 0 | L86: =VLOOKUP($B86,Constraints!$C$2:$AK$86,27, FALSE) -> 0
A87: Row | B87: ROW-R1-Z1-R2 | C87: SJ-Pacific-C01 | D87: SJ-Pacific-C01-PD01 | E87: TRUE | F87: =VLOOKUP($B87,Constraints!$C$2:$Z$86,16, FALSE) -> 0 | I87: =F87/0.8 -> 0 | L87: =VLOOKUP($B87,Constraints!$C$2:$AK$86,27, FALSE) -> 0
A88: Row | B88: ROW-R1-Z2-R1 | C88: SJ-Pacific-C01 | D88: SJ-Pacific-C01-PD01 | E88: TRUE | F88: =VLOOKUP($B88,Constraints!$C$2:$Z$86,16, FALSE) -> 0 | I88: =F88/0.8 -> 0 | L88: =VLOOKUP($B88,Constraints!$C$2:$AK$86,27, FALSE) -> 0
A89: Row | B89: ROW-R1-Z2-R2 | C89: SJ-Pacific-C01 | D89: SJ-Pacific-C01-PD01 | E89: TRUE | F89: =VLOOKUP($B89,Constraints!$C$2:$Z$86,16, FALSE) -> 0 | I89: =F89/0.8 -> 0 | L89: =VLOOKUP($B89,Constraints!$C$2:$AK$86,27, FALSE) -> 0
A90: Row | B90: ROW-R2-Z1-R1 | C90: SJ-Pacific-C01 | D90: SJ-Pacific-C01-PD01 | E90: TRUE | F90: =VLOOKUP($B90,Constraints!$C$2:$Z$86,16, FALSE) -> 0 | I90: =F90/0.8 -> 0 | L90: =VLOOKUP($B90,Constraints!$C$2:$AK$86,27, FALSE) -> 0
A91: Row | B91: ROW-R2-Z1-R2 | C91: SJ-Pacific-C01 | D91: SJ-Pacific-C01-PD01 | E91: TRUE | F91: =VLOOKUP($B91,Constraints!$C$2:$Z$86,16, FALSE) -> 0 | I91: =F91/0.8 -> 0 | L91: =VLOOKUP($B91,Constraints!$C$2:$AK$86,27, FALSE) -> 0
A92: Row | B92: ROW-R2-Z2-R1 | C92: SJ-Pacific-C01 | D92: SJ-Pacific-C01-PD01 | E92: TRUE | F92: =VLOOKUP($B92,Constraints!$C$2:$Z$86,16, FALSE) -> 0 | I92: =F92/0.8 -> 0 | L92: =VLOOKUP($B92,Constraints!$C$2:$AK$86,27, FALSE) -> 0
A93: Row | B93: ROW-R2-Z2-R2 | C93: SJ-Pacific-C01 | D93: SJ-Pacific-C01-PD01 | E93: TRUE | F93: =VLOOKUP($B93,Constraints!$C$2:$Z$86,16, FALSE) -> 0 | I93: =F93/0.8 -> 0 | L93: =VLOOKUP($B93,Constraints!$C$2:$AK$86,27, FALSE) -> 0
A94: Row | B94: ROW-R3-Z1W-R1 | C94: SJ-Pacific-C01 | D94: SJ-Pacific-C01-PD01 | E94: TRUE | F94: =VLOOKUP($B94,Constraints!$C$2:$Z$86,16, FALSE) -> 240 | I94: =F94/0.8 -> 300 | L94: =VLOOKUP($B94,Constraints!$C$2:$AK$86,27, FALSE) -> 8
A95: Row | B95: ROW-R3-Z1W-R2 | C95: SJ-Pacific-C01 | D95: SJ-Pacific-C01-PD01 | E95: TRUE | F95: =VLOOKUP($B95,Constraints!$C$2:$Z$86,16, FALSE) -> 300 | I95: =F95/0.8 -> 375 | L95: =VLOOKUP($B95,Constraints!$C$2:$AK$86,27, FALSE) -> 10
A96: Row | B96: ROW-R3-Z2W-R1 | C96: SJ-Pacific-C01 | D96: SJ-Pacific-C01-PD01 | E96: TRUE | F96: =VLOOKUP($B96,Constraints!$C$2:$Z$86,16, FALSE) -> 240 | I96: =F96/0.8 -> 300 | L96: =VLOOKUP($B96,Constraints!$C$2:$AK$86,27, FALSE) -> 8
A97: Row | B97: ROW-R3-Z2W-R2 | C97: SJ-Pacific-C01 | D97: SJ-Pacific-C01-PD01 | E97: TRUE | F97: =VLOOKUP($B97,Constraints!$C$2:$Z$86,16, FALSE) -> 120 | I97: =F97/0.8 -> 150 | L97: =VLOOKUP($B97,Constraints!$C$2:$AK$86,27, FALSE) -> 4
... A111: Row | B111: ROW-R5-Z2E-R2 | C111: SJ-Pacific-C01 | D111: SJ-Pacific-C01-PD01 | E111: TRUE | F111: =VLOOKUP($B111,Constraints!$C$2:$Z$86,16, FALSE) -> 0 | I111: =F111/0.8 -> 0 | L111: =VLOOKUP($B111,Constraints!$C$2:$AK$86,27, FALSE) -> 0
A112: RPP | B112: RPP-R1-1 | C112: SJ-Pacific-C01 | D112: SJ-Pacific-C01-PD01 | E112: TRUE | F112: =VLOOKUP($B112,Constraints!$C$2:$Z$86,16, FALSE) -> 0 | I112: =F112/0.8 -> 0 | L112: =VLOOKUP($B112,Constraints!$C$2:$AK$86,27, FALSE) -> 0 | M112: RPP_Panel_Capacity_(design) | N112: =VLOOKUP($B112,Constraints!$C$28:$F$86,4,FALSE) -> 230 | O112: =VLOOKUP($A112,'Capacity Name Ref'!$A$2:$G$16,6,FALSE) -> Device_Capacity_Margin | P112: =N112-F112 -> 230 | Q112: =O112&"%" -> Device_Capacity_Margin% | R112: =P112/N112 -> 1
A113: RPP | B113: RPP-R1-2 | C113: SJ-Pacific-C01 | D113: SJ-Pacific-C01-PD01 | E113: TRUE | F113: =VLOOKUP($B113,Constraints!$C$2:$Z$86,16, FALSE) -> 0 | I113: =F113/0.8 -> 0 | L113: =VLOOKUP($B113,Constraints!$C$2:$AK$86,27, FALSE) -> 0 | M113: RPP_Panel_Capacity_(design) | N113: =VLOOKUP($B113,Constraints!$C$28:$F$86,4,FALSE) -> 230 | O113: =VLOOKUP($A113,'Capacity Name Ref'!$A$2:$G$16,6,FALSE) -> Device_Capacity_Margin | P113: =N113-F113 -> 230 | Q113: =O113&"%" -> Device_Capacity_Margin% | R113: =P113/N113 -> 1
A114: RPP | B114: RPP-R2-1 | C114: SJ-Pacific-C01 | D114: SJ-Pacific-C01-PD01 | E114: TRUE | F114: =VLOOKUP($B114,Constraints!$C$2:$Z$86,16, FALSE) -> 0 | I114: =F114/0.8 -> 0 | L114: =VLOOKUP($B114,Constraints!$C$2:$AK$86,27, FALSE) -> 0 | M114: RPP_Panel_Capacity_(design) | N114: =VLOOKUP($B114,Constraints!$C$28:$F$86,4,FALSE) -> 230 | O114: =VLOOKUP($A114,'Capacity Name Ref'!$A$2:$G$16,6,FALSE) -> Device_Capacity_Margin | P114: =N114-F114 -> 230 | Q114: =O114&"%" -> Device_Capacity_Margin% | R114: =P114/N114 -> 1
A115: RPP | B115: RPP-R2-2 | C115: SJ-Pacific-C01 | D115: SJ-Pacific-C01-PD01 | E115: TRUE | F115: =VLOOKUP($B115,Constraints!$C$2:$Z$86,16, FALSE) -> 0 | I115: =F115/0.8 -> 0 | L115: =VLOOKUP($B115,Constraints!$C$2:$AK$86,27, FALSE) -> 0 | M115: RPP_Panel_Capacity_(design) | N115: =VLOOKUP($B115,Constraints!$C$28:$F$86,4,FALSE) -> 230 | O115: =VLOOKUP($A115,'Capacity Name Ref'!$A$2:$G$16,6,FALSE) -> Device_Capacity_Margin | P115: =N115-F115 -> 230 | Q115: =O115&"%" -> Device_Capacity_Margin% | R115: =P115/N115 -> 1
A116: RPP | B116: RPP-R3-A1 | C116: SJ-Pacific-C01 | D116: SJ-Pacific-C01-PD01 | E116: TRUE | F116: =VLOOKUP($B116,Constraints!$C$2:$Z$86,16, FALSE) -> 660 | I116: =F116/0.8 -> 825 | L116: =VLOOKUP($B116,Constraints!$C$2:$AK$86,27, FALSE) -> 22 | M116: RPP_Panel_Capacity_(design) | N116: =VLOOKUP($B116,Constraints!$C$28:$F$86,4,FALSE) -> 920 | O116: =VLOOKUP($A116,'Capacity Name Ref'!$A$2:$G$16,6,FALSE) -> Device_Capacity_Margin | P116: =N116-F116 -> 260 | Q116: =O116&"%" -> Device_Capacity_Margin% | R116: =P116/N116 -> 0.2826087
A117: RPP | B117: RPP-R3-A2 | C117: SJ-Pacific-C01 | D117: SJ-Pacific-C01-PD01 | E117: TRUE | F117: =VLOOKUP($B117,Constraints!$C$2:$Z$86,16, FALSE) -> 900 | I117: =F117/0.8 -> 1125 | L117: =VLOOKUP($B117,Constraints!$C$2:$AK$86,27, FALSE) -> 30 | M117: RPP_Panel_Capacity_(design) | N117: =VLOOKUP($B117,Constraints!$C$28:$F$86,4,FALSE) -> 920 | O117: =VLOOKUP($A117,'Capacity Name Ref'!$A$2:$G$16,6,FALSE) -> Device_Capacity_Margin | P117: =N117-F117 -> 20 | Q117: =O117&"%" -> Device_Capacity_Margin% | R117: =P117/N117 -> 0.02173913
A118: RPP | B118: RPP-R3-A3 | C118: SJ-Pacific-C01 | D118: SJ-Pacific-C01-PD01 | E118: TRUE | F118: =VLOOKUP($B118,Constraints!$C$2:$Z$86,16, FALSE) -> 0 | I118: =F118/0.8 -> 0 | L118: =VLOOKUP($B118,Constraints!$C$2:$AK$86,27, FALSE) -> 0 | M118: RPP_Panel_Capacity_(design) | N118: =VLOOKUP($B118,Constraints!$C$28:$F$86,4,FALSE) -> 920 | O118: =VLOOKUP($A118,'Capacity Name Ref'!$A$2:$G$16,6,FALSE) -> Device_Capacity_Margin | P118: =N118-F118 -> 920 | Q118: =O118&"%" -> Device_Capacity_Margin% | R118: =P118/N118 -> 1
A119: RPP | B119: RPP-R3-A4 | C119: SJ-Pacific-C01 | D119: SJ-Pacific-C01-PD01 | E119: TRUE | F119: =VLOOKUP($B119,Constraints!$C$2:$Z$86,16, FALSE) -> 0 | I119: =F119/0.8 -> 0 | L119: =VLOOKUP($B119,Constraints!$C$2:$AK$86,27, FALSE) -> 0 | M119: RPP_Panel_Capacity_(design) | N119: =VLOOKUP($B119,Constraints!$C$28:$F$86,4,FALSE) -> 920 | O119: =VLOOKUP($A119,'Capacity Name Ref'!$A$2:$G$16,6,FALSE) -> Device_Capacity_Margin | P119: =N119-F119 -> 920 | Q119: =O119&"%" -> Device_Capacity_Margin% | R119: =P119/N119 -> 1
A120: RPP | B120: RPP-R4-A5 | C120: SJ-Pacific-C01 | D120: SJ-Pacific-C01-PD01 | E120: TRUE | F120: =VLOOKUP($B120,Constraints!$C$2:$Z$86,16, FALSE) -> 0 | I120: =F120/0.8 -> 0 | L120: =VLOOKUP($B120,Constraints!$C$2:$AK$86,27, FALSE) -> 0 | M120: RPP_Panel_Capacity_(design) | N120: =VLOOKUP($B120,Constraints!$C$28:$F$86,4,FALSE) -> 345 | O120: =VLOOKUP($A120,'Capacity Name Ref'!$A$2:$G$16,6,FALSE) -> Device_Capacity_Margin | P120: =N120-F120 -> 345 | Q120: =O120&"%" -> Device_Capacity_Margin% | R120: =P120/N120 -> 1
A121: RPP | B121: RPP-R4-A6 | C121: SJ-Pacific-C01 | D121: SJ-Pacific-C01-PD01 | E121: TRUE | F121: =VLOOKUP($B121,Constraints!$C$2:$Z$86,16, FALSE) -> 0 | I121: =F121/0.8 -> 0 | L121: =VLOOKUP($B121,Constraints!$C$2:$AK$86,27, FALSE) -> 0 | M121: RPP_Panel_Capacity_(design) | N121: =VLOOKUP($B121,Constraints!$C$28:$F$86,4,FALSE) -> 345 | O121: =VLOOKUP($A121,'Capacity Name Ref'!$A$2:$G$16,6,FALSE) -> Device_Capacity_Margin | P121: =N121-F121 -> 345 | Q121: =O121&"%" -> Device_Capacity_Margin% | R121: =P121/N121 -> 1
A122: RPP | B122: RPP-R5-A1 | C122: SJ-Pacific-C01 | D122: SJ-Pacific-C01-PD01 | E122: TRUE | F122: =VLOOKUP($B122,Constraints!$C$2:$Z$86,16, FALSE) -> 0 | I122: =F122/0.8 -> 0 | L122: =VLOOKUP($B122,Constraints!$C$2:$AK$86,27, FALSE) -> 0 | M122: RPP_Panel_Capacity_(design) | N122: =VLOOKUP($B122,Constraints!$C$28:$F$86,4,FALSE) -> 920 | O122: =VLOOKUP($A122,'Capacity Name Ref'!$A$2:$G$16,6,FALSE) -> Device_Capacity_Margin | P122: =N122-F122 -> 920 | Q122: =O122&"%" -> Device_Capacity_Margin% | R122: =P122/N122 -> 1
A123: RPP | B123: RPP-R5-A2 | C123: SJ-Pacific-C01 | D123: SJ-Pacific-C01-PD01 | E123: TRUE | F123: =VLOOKUP($B123,Constraints!$C$2:$Z$86,16, FALSE) -> 0 | I123: =F123/0.8 -> 0 | L123: =VLOOKUP($B123,Constraints!$C$2:$AK$86,27, FALSE) -> 0 | M123: RPP_Panel_Capacity_(design) | N123: =VLOOKUP($B123,Constraints!$C$28:$F$86,4,FALSE) -> 920 | O123: =VLOOKUP($A123,'Capacity Name Ref'!$A$2:$G$16,6,FALSE) -> Device_Capacity_Margin | P123: =N123-F123 -> 920 | Q123: =O123&"%" -> Device_Capacity_Margin% | R123: =P123/N123 -> 1
... A135: RPP | B135: RPP-R5-B4 | C135: SJ-Pacific-C01 | D135: SJ-Pacific-C01-PD01 | E135: TRUE | F135: =VLOOKUP($B135,Constraints!$C$2:$Z$86,16, FALSE) -> 0 | I135: =F135/0.8 -> 0 | L135: =VLOOKUP($B135,Constraints!$C$2:$AK$86,27, FALSE) -> 0 | M135: RPP_Panel_Capacity_(design) | N135: =VLOOKUP($B135,Constraints!$C$28:$F$86,4,FALSE) -> 920 | O135: =VLOOKUP($A135,'Capacity Name Ref'!$A$2:$G$16,6,FALSE) -> Device_Capacity_Margin | P135: =N135-F135 -> 920 | Q135: =O135&"%" -> Device_Capacity_Margin% | R135: =P135/N135 -> 1
A136: Liquid Loop | B136: LL-R1 | C136: SJ-Pacific-C01 | D136: SJ-Pacific-C01-PD01 | E136: TRUE | H136: =VLOOKUP($B136,Constraints!$C$2:$Z$86,16, FALSE) -> 0 | K136: =H136/0.8 -> 0 | L136: =VLOOKUP($B136,Constraints!$C$2:$AK$86,27, FALSE) -> 0 | M136: LL_Cooling_Capacity | N136: =VLOOKUP($B136,Constraints!$C$28:$F$86,4,FALSE) -> 200 | O136: =VLOOKUP($A136,'Capacity Name Ref'!$A$2:$G$16,6,FALSE) -> Local_Capacity_Margin | P136: =N136-H136 -> 200 | Q136: =O136&"%" -> Local_Capacity_Margin% | R136: =P136/N136 -> 1
A137: Liquid Loop | B137: LL-R2 | C137: SJ-Pacific-C01 | D137: SJ-Pacific-C01-PD01 | E137: TRUE | H137: =VLOOKUP($B137,Constraints!$C$2:$Z$86,16, FALSE) -> 0 | K137: =H137/0.8 -> 0 | L137: =VLOOKUP($B137,Constraints!$C$2:$AK$86,27, FALSE) -> 0 | M137: LL_Cooling_Capacity | N137: =VLOOKUP($B137,Constraints!$C$28:$F$86,4,FALSE) -> 200 | O137: =VLOOKUP($A137,'Capacity Name Ref'!$A$2:$G$16,6,FALSE) -> Local_Capacity_Margin | P137: =N137-H137 -> 200 | Q137: =O137&"%" -> Local_Capacity_Margin% | R137: =P137/N137 -> 1
A138: Liquid Loop | B138: LL-R3-E | C138: SJ-Pacific-C01 | D138: SJ-Pacific-C01-PD01 | E138: TRUE | H138: =VLOOKUP($B138,Constraints!$C$2:$Z$86,16, FALSE) -> 0 | K138: =H138/0.8 -> 0 | L138: =VLOOKUP($B138,Constraints!$C$2:$AK$86,27, FALSE) -> 0 | M138: LL_Cooling_Capacity | N138: =VLOOKUP($B138,Constraints!$C$28:$F$86,4,FALSE) -> 2000 | O138: =VLOOKUP($A138,'Capacity Name Ref'!$A$2:$G$16,6,FALSE) -> Local_Capacity_Margin | P138: =N138-H138 -> 2000 | Q138: =O138&"%" -> Local_Capacity_Margin% | R138: =P138/N138 -> 1
A139: Liquid Loop | B139: LL-R3-W | C139: SJ-Pacific-C01 | D139: SJ-Pacific-C01-PD01 | E139: TRUE | H139: =VLOOKUP($B139,Constraints!$C$2:$Z$86,16, FALSE) -> 1170 | K139: =H139/0.8 -> 1462.5 | L139: =VLOOKUP($B139,Constraints!$C$2:$AK$86,27, FALSE) -> 52 | M139: LL_Cooling_Capacity | N139: =VLOOKUP($B139,Constraints!$C$28:$F$86,4,FALSE) -> 1000 | O139: =VLOOKUP($A139,'Capacity Name Ref'!$A$2:$G$16,6,FALSE) -> Local_Capacity_Margin | P139: =N139-H139 -> -170 | Q139: =O139&"%" -> Local_Capacity_Margin% | R139: =P139/N139 -> -0.17
A140: Liquid Loop | B140: LL-R4 | C140: SJ-Pacific-C01 | D140: SJ-Pacific-C01-PD01 | E140: TRUE | H140: =VLOOKUP($B140,Constraints!$C$2:$Z$86,16, FALSE) -> 0 | K140: =H140/0.8 -> 0 | L140: =VLOOKUP($B140,Constraints!$C$2:$AK$86,27, FALSE) -> 0 | M140: LL_Cooling_Capacity | N140: =VLOOKUP($B140,Constraints!$C$28:$F$86,4,FALSE) -> 500 | O140: =VLOOKUP($A140,'Capacity Name Ref'!$A$2:$G$16,6,FALSE) -> Local_Capacity_Margin | P140: =N140-H140 -> 500 | Q140: =O140&"%" -> Local_Capacity_Margin% | R140: =P140/N140 -> 1
A141: Liquid Loop | B141: LL-R5-E | C141: SJ-Pacific-C01 | D141: SJ-Pacific-C01-PD01 | E141: TRUE | H141: =VLOOKUP($B141,Constraints!$C$2:$Z$86,16, FALSE) -> 0 | K141: =H141/0.8 -> 0 | L141: =VLOOKUP($B141,Constraints!$C$2:$AK$86,27, FALSE) -> 0 | M141: LL_Cooling_Capacity | N141: =VLOOKUP($B141,Constraints!$C$28:$F$86,4,FALSE) -> 1500 | O141: =VLOOKUP($A141,'Capacity Name Ref'!$A$2:$G$16,6,FALSE) -> Local_Capacity_Margin | P141: =N141-H141 -> 1500 | Q141: =O141&"%" -> Local_Capacity_Margin% | R141: =P141/N141 -> 1
A142: Liquid Loop | B142: LL-R5-W | C142: SJ-Pacific-C01 | D142: SJ-Pacific-C01-PD01 | E142: TRUE | H142: =VLOOKUP($B142,Constraints!$C$2:$Z$86,16, FALSE) -> 0 | K142: =H142/0.8 -> 0 | L142: =VLOOKUP($B142,Constraints!$C$2:$AK$86,27, FALSE) -> 0 | M142: LL_Cooling_Capacity | N142: =VLOOKUP($B142,Constraints!$C$28:$F$86,4,FALSE) -> 1500 | O142: =VLOOKUP($A142,'Capacity Name Ref'!$A$2:$G$16,6,FALSE) -> Local_Capacity_Margin | P142: =N142-H142 -> 1500 | Q142: =O142&"%" -> Local_Capacity_Margin% | R142: =P142/N142 -> 1
A143: Air Zone | B143: AIRZONE-R1 | C143: SJ-Pacific-C01 | D143: SJ-Pacific-C01-PD01 | E143: TRUE | G143: =VLOOKUP($B143,Constraints!$C$2:$Z$86,16, FALSE) -> 0 | J143: =G143/0.8 -> 0 | L143: =VLOOKUP($B143,Constraints!$C$2:$AK$86,27, FALSE) -> 0 | M143: AirZone_Cooling_Capacity | N143: =VLOOKUP($B143,Constraints!$C$28:$F$86,4,FALSE) -> 270 | O143: =VLOOKUP($A143,'Capacity Name Ref'!$A$2:$G$16,6,FALSE) -> Local_Capacity_Margin | P143: =N143-G143 -> 270 | Q143: =O143&"%" -> Local_Capacity_Margin% | R143: =P143/N143 -> 1
A144: Air Zone | B144: AIRZONE-R2 | C144: SJ-Pacific-C01 | D144: SJ-Pacific-C01-PD01 | E144: TRUE | G144: =VLOOKUP($B144,Constraints!$C$2:$Z$86,16, FALSE) -> 0 | J144: =G144/0.8 -> 0 | L144: =VLOOKUP($B144,Constraints!$C$2:$AK$86,27, FALSE) -> 0 | M144: AirZone_Cooling_Capacity | N144: =VLOOKUP($B144,Constraints!$C$28:$F$86,4,FALSE) -> 270 | O144: =VLOOKUP($A144,'Capacity Name Ref'!$A$2:$G$16,6,FALSE) -> Local_Capacity_Margin | P144: =N144-G144 -> 270 | Q144: =O144&"%" -> Local_Capacity_Margin% | R144: =P144/N144 -> 1
A145: Air Zone | B145: AIRZONE-R3-E1 | C145: SJ-Pacific-C01 | D145: SJ-Pacific-C01-PD01 | E145: TRUE | G145: =VLOOKUP($B145,Constraints!$C$2:$Z$86,16, FALSE) -> 0 | J145: =G145/0.8 -> 0 | L145: =VLOOKUP($B145,Constraints!$C$2:$AK$86,27, FALSE) -> 0 | M145: AirZone_Cooling_Capacity | N145: =VLOOKUP($B145,Constraints!$C$28:$F$86,4,FALSE) -> 240 | O145: =VLOOKUP($A145,'Capacity Name Ref'!$A$2:$G$16,6,FALSE) -> Local_Capacity_Margin | P145: =N145-G145 -> 240 | Q145: =O145&"%" -> Local_Capacity_Margin% | R145: =P145/N145 -> 1
A146: Air Zone | B146: AIRZONE-R3-E2 | C146: SJ-Pacific-C01 | D146: SJ-Pacific-C01-PD01 | E146: TRUE | G146: =VLOOKUP($B146,Constraints!$C$2:$Z$86,16, FALSE) -> 0 | J146: =G146/0.8 -> 0 | L146: =VLOOKUP($B146,Constraints!$C$2:$AK$86,27, FALSE) -> 0 | M146: AirZone_Cooling_Capacity | N146: =VLOOKUP($B146,Constraints!$C$28:$F$86,4,FALSE) -> 180 | O146: =VLOOKUP($A146,'Capacity Name Ref'!$A$2:$G$16,6,FALSE) -> Local_Capacity_Margin | P146: =N146-G146 -> 180 | Q146: =O146&"%" -> Local_Capacity_Margin% | R146: =P146/N146 -> 1
A147: Air Zone | B147: AIRZONE-R3-W1 | C147: SJ-Pacific-C01 | D147: SJ-Pacific-C01-PD01 | E147: TRUE | G147: =VLOOKUP($B147,Constraints!$C$2:$Z$86,16, FALSE) -> 225 | J147: =G147/0.8 -> 281.25 | L147: =VLOOKUP($B147,Constraints!$C$2:$AK$86,27, FALSE) -> 30 | M147: AirZone_Cooling_Capacity | N147: =VLOOKUP($B147,Constraints!$C$28:$F$86,4,FALSE) -> 240 | O147: =VLOOKUP($A147,'Capacity Name Ref'!$A$2:$G$16,6,FALSE) -> Local_Capacity_Margin | P147: =N147-G147 -> 15 | Q147: =O147&"%" -> Local_Capacity_Margin% | R147: =P147/N147 -> 0.0625
